"dist","n_rep","lib","round","method","nominal_fdr","observed_fdr","tpr","n_called","zero_disc","auc"
"nb",3,4e+07,1,"edgeR",0.01,0.0135135135135135,0.159737417943107,74,0,0.785805150146431
"nb",3,4e+07,1,"edgeR",0.05,0.0530973451327434,0.234135667396061,113,0,0.785805150146431
"nb",3,4e+07,1,"edgeR",0.1,0.0735294117647059,0.275711159737418,136,0,0.785805150146431
"nb",3,4e+07,1,"edgeR",0.2,0.173684210526316,0.343544857768052,190,0,0.785805150146431
"nb",3,4e+07,1,"limma",0.01,0.0147058823529412,0.146608315098468,68,0,0.780607359049883
"nb",3,4e+07,1,"limma",0.05,0.0471698113207547,0.221006564551422,106,0,0.780607359049883
"nb",3,4e+07,1,"limma",0.1,0.0757575757575758,0.266958424507659,132,0,0.780607359049883
"nb",3,4e+07,1,"limma",0.2,0.198924731182796,0.326039387308534,186,0,0.780607359049883
"nb",3,4e+07,1,"DESeq2",0.01,0.05,0.166301969365427,80,0,0.784186163945464
"nb",3,4e+07,1,"DESeq2",0.05,0.0846153846153846,0.260393873085339,130,0,0.784186163945464
"nb",3,4e+07,1,"DESeq2",0.1,0.173184357541899,0.323851203501094,179,0,0.784186163945464
"nb",3,4e+07,1,"DESeq2",0.2,0.270742358078603,0.365426695842451,229,0,0.784186163945464
"nb",3,4e+07,1,"TOX_exact_n0_k20_50",0.01,NA,0,0,1,0.770363755977276
"nb",3,4e+07,1,"TOX_exact_n0_k20_50",0.05,0.0263157894736842,0.0809628008752735,38,0,0.770363755977276
"nb",3,4e+07,1,"TOX_exact_n0_k20_50",0.1,0.0851063829787234,0.0940919037199125,47,0,0.770363755977276
"nb",3,4e+07,1,"TOX_exact_n0_k20_50",0.2,0.131147540983607,0.115973741794311,61,0,0.770363755977276
"nb",3,4e+07,1,"TOX_exact_n0_k30_70",0.01,0,0.0350109409190372,16,0,0.771141005596933
"nb",3,4e+07,1,"TOX_exact_n0_k30_70",0.05,0,0.0678336980306346,31,0,0.771141005596933
"nb",3,4e+07,1,"TOX_exact_n0_k30_70",0.1,0.0277777777777778,0.0765864332603939,36,0,0.771141005596933
"nb",3,4e+07,1,"TOX_exact_n0_k30_70",0.2,0.0652173913043478,0.0940919037199125,46,0,0.771141005596933
"nb",3,4e+07,1,"TOX_exact_n0_k40_70",0.01,0,0.0350109409190372,16,0,0.771165196045177
"nb",3,4e+07,1,"TOX_exact_n0_k40_70",0.05,0,0.0656455142231947,30,0,0.771165196045177
"nb",3,4e+07,1,"TOX_exact_n0_k40_70",0.1,0.0277777777777778,0.0765864332603939,36,0,0.771165196045177
"nb",3,4e+07,1,"TOX_exact_n0_k40_70",0.2,0.0652173913043478,0.0940919037199125,46,0,0.771165196045177
"nb",3,4e+07,1,"TOX_exact_n1_k20_50",0.01,0.0178571428571429,0.12035010940919,56,0,0.767637334696412
"nb",3,4e+07,1,"TOX_exact_n1_k20_50",0.05,0.0625,0.196936542669584,96,0,0.767637334696412
"nb",3,4e+07,1,"TOX_exact_n1_k20_50",0.1,0.106194690265487,0.221006564551422,113,0,0.767637334696412
"nb",3,4e+07,1,"TOX_exact_n1_k20_50",0.2,0.196078431372549,0.269146608315098,153,0,0.767637334696412
"nb",3,4e+07,1,"TOX_exact_n1_k30_70",0.01,0.0175438596491228,0.12253829321663,57,0,0.76872038313463
"nb",3,4e+07,1,"TOX_exact_n1_k30_70",0.05,0.0824742268041237,0.194748358862144,97,0,0.76872038313463
"nb",3,4e+07,1,"TOX_exact_n1_k30_70",0.1,0.0943396226415094,0.210065645514223,106,0,0.76872038313463
"nb",3,4e+07,1,"TOX_exact_n1_k30_70",0.2,0.186666666666667,0.266958424507659,150,0,0.76872038313463
"nb",3,4e+07,1,"TOX_exact_n1_k40_70",0.01,0.0178571428571429,0.12035010940919,56,0,0.768727745444965
"nb",3,4e+07,1,"TOX_exact_n1_k40_70",0.05,0.0824742268041237,0.194748358862144,97,0,0.768727745444965
"nb",3,4e+07,1,"TOX_exact_n1_k40_70",0.1,0.0943396226415094,0.210065645514223,106,0,0.768727745444965
"nb",3,4e+07,1,"TOX_exact_n1_k40_70",0.2,0.186666666666667,0.266958424507659,150,0,0.768727745444965
"nb",3,4e+07,1,"TOX_bootstrap_n0_k20_50",0.01,NA,0,0,1,0.770743440838841
"nb",3,4e+07,1,"TOX_bootstrap_n0_k20_50",0.05,NA,0,0,1,0.770743440838841
"nb",3,4e+07,1,"TOX_bootstrap_n0_k20_50",0.1,NA,0,0,1,0.770743440838841
"nb",3,4e+07,1,"TOX_bootstrap_n0_k20_50",0.2,NA,0,0,1,0.770743440838841
"nb",3,4e+07,1,"TOX_bootstrap_n0_k30_70",0.01,NA,0,0,1,0.771236715631289
"nb",3,4e+07,1,"TOX_bootstrap_n0_k30_70",0.05,NA,0,0,1,0.771236715631289
"nb",3,4e+07,1,"TOX_bootstrap_n0_k30_70",0.1,NA,0,0,1,0.771236715631289
"nb",3,4e+07,1,"TOX_bootstrap_n0_k30_70",0.2,NA,0,0,1,0.771236715631289
"nb",3,4e+07,1,"TOX_bootstrap_n0_k40_70",0.01,NA,0,0,1,0.771277734217442
"nb",3,4e+07,1,"TOX_bootstrap_n0_k40_70",0.05,NA,0,0,1,0.771277734217442
"nb",3,4e+07,1,"TOX_bootstrap_n0_k40_70",0.1,NA,0,0,1,0.771277734217442
"nb",3,4e+07,1,"TOX_bootstrap_n0_k40_70",0.2,NA,0,0,1,0.771277734217442
"nb",3,4e+07,1,"TOX_bootstrap_n1_k20_50",0.01,NA,0,0,1,0.767694918480819
"nb",3,4e+07,1,"TOX_bootstrap_n1_k20_50",0.05,0.0246913580246914,0.172866520787746,81,0,0.767694918480819
"nb",3,4e+07,1,"TOX_bootstrap_n1_k20_50",0.1,0.0841121495327103,0.214442013129103,107,0,0.767694918480819
"nb",3,4e+07,1,"TOX_bootstrap_n1_k20_50",0.2,0.19205298013245,0.266958424507659,151,0,0.767694918480819
"nb",3,4e+07,1,"TOX_bootstrap_n1_k30_70",0.01,NA,0,0,1,0.769108482065149
"nb",3,4e+07,1,"TOX_bootstrap_n1_k30_70",0.05,0.0253164556962025,0.168490153172867,79,0,0.769108482065149
"nb",3,4e+07,1,"TOX_bootstrap_n1_k30_70",0.1,0.0769230769230769,0.210065645514223,104,0,0.769108482065149
"nb",3,4e+07,1,"TOX_bootstrap_n1_k30_70",0.2,0.178571428571429,0.25164113785558,140,0,0.769108482065149
"nb",3,4e+07,1,"TOX_bootstrap_n1_k40_70",0.01,NA,0,0,1,0.769108482065149
"nb",3,4e+07,1,"TOX_bootstrap_n1_k40_70",0.05,0.0253164556962025,0.168490153172867,79,0,0.769108482065149
"nb",3,4e+07,1,"TOX_bootstrap_n1_k40_70",0.1,0.0769230769230769,0.210065645514223,104,0,0.769108482065149
"nb",3,4e+07,1,"TOX_bootstrap_n1_k40_70",0.2,0.178571428571429,0.25164113785558,140,0,0.769108482065149
"nb",3,4e+07,2,"edgeR",0.01,0,0.146288209606987,67,0,0.785864697149459
"nb",3,4e+07,2,"edgeR",0.05,0.0272727272727273,0.233624454148472,110,0,0.785864697149459
"nb",3,4e+07,2,"edgeR",0.1,0.0555555555555556,0.296943231441048,144,0,0.785864697149459
"nb",3,4e+07,2,"edgeR",0.2,0.178217821782178,0.362445414847162,202,0,0.785864697149459
"nb",3,4e+07,2,"limma",0.01,0,0.137554585152838,63,0,0.781245794173857
"nb",3,4e+07,2,"limma",0.05,0.0194174757281553,0.220524017467249,103,0,0.781245794173857
"nb",3,4e+07,2,"limma",0.1,0.0927152317880795,0.299126637554585,151,0,0.781245794173857
"nb",3,4e+07,2,"limma",0.2,0.178947368421053,0.34061135371179,190,0,0.781245794173857
"nb",3,4e+07,2,"DESeq2",0.01,0.0319148936170213,0.198689956331878,94,0,0.786486900598599
"nb",3,4e+07,2,"DESeq2",0.05,0.0827586206896552,0.290393013100437,145,0,0.786486900598599
"nb",3,4e+07,2,"DESeq2",0.1,0.141242937853107,0.331877729257642,177,0,0.786486900598599
"nb",3,4e+07,2,"DESeq2",0.2,0.274900398406374,0.397379912663755,251,0,0.786486900598599
"nb",3,4e+07,2,"TOX_exact_n0_k20_50",0.01,0.0833333333333333,0.0480349344978166,24,0,0.766855657082042
"nb",3,4e+07,2,"TOX_exact_n0_k20_50",0.05,0.0625,0.0982532751091703,48,0,0.766855657082042
"nb",3,4e+07,2,"TOX_exact_n0_k20_50",0.1,0.101694915254237,0.115720524017467,59,0,0.766855657082042
"nb",3,4e+07,2,"TOX_exact_n0_k20_50",0.2,0.141176470588235,0.15938864628821,85,0,0.766855657082042
"nb",3,4e+07,2,"TOX_exact_n0_k30_70",0.01,0.0869565217391304,0.0458515283842795,23,0,0.768363801632016
"nb",3,4e+07,2,"TOX_exact_n0_k30_70",0.05,0.0571428571428571,0.0720524017467249,35,0,0.768363801632016
"nb",3,4e+07,2,"TOX_exact_n0_k30_70",0.1,0.05,0.0829694323144105,40,0,0.768363801632016
"nb",3,4e+07,2,"TOX_exact_n0_k30_70",0.2,0.0740740740740741,0.109170305676856,54,0,0.768363801632016
"nb",3,4e+07,2,"TOX_exact_n0_k40_70",0.01,0.0833333333333333,0.0480349344978166,24,0,0.76812102840602
"nb",3,4e+07,2,"TOX_exact_n0_k40_70",0.05,0.0571428571428571,0.0720524017467249,35,0,0.76812102840602
"nb",3,4e+07,2,"TOX_exact_n0_k40_70",0.1,0.05,0.0829694323144105,40,0,0.76812102840602
"nb",3,4e+07,2,"TOX_exact_n0_k40_70",0.2,0.0769230769230769,0.104803493449782,52,0,0.76812102840602
"nb",3,4e+07,2,"TOX_exact_n1_k20_50",0.01,0.0476190476190476,0.131004366812227,63,0,0.762835146109106
"nb",3,4e+07,2,"TOX_exact_n1_k20_50",0.05,0.106194690265487,0.220524017467249,113,0,0.762835146109106
"nb",3,4e+07,2,"TOX_exact_n1_k20_50",0.1,0.192546583850932,0.283842794759825,161,0,0.762835146109106
"nb",3,4e+07,2,"TOX_exact_n1_k20_50",0.2,0.348360655737705,0.347161572052402,244,0,0.762835146109106
"nb",3,4e+07,2,"TOX_exact_n1_k30_70",0.01,0.05,0.124454148471616,60,0,0.763312927958986
"nb",3,4e+07,2,"TOX_exact_n1_k30_70",0.05,0.117117117117117,0.213973799126638,111,0,0.763312927958986
"nb",3,4e+07,2,"TOX_exact_n1_k30_70",0.1,0.178807947019868,0.270742358078603,151,0,0.763312927958986
"nb",3,4e+07,2,"TOX_exact_n1_k30_70",0.2,0.330472103004292,0.34061135371179,233,0,0.763312927958986
"nb",3,4e+07,2,"TOX_exact_n1_k40_70",0.01,0.05,0.124454148471616,60,0,0.763425255869522
"nb",3,4e+07,2,"TOX_exact_n1_k40_70",0.05,0.119266055045872,0.209606986899563,109,0,0.763425255869522
"nb",3,4e+07,2,"TOX_exact_n1_k40_70",0.1,0.173333333333333,0.270742358078603,150,0,0.763425255869522
"nb",3,4e+07,2,"TOX_exact_n1_k40_70",0.2,0.311111111111111,0.338427947598253,225,0,0.763425255869522
"nb",3,4e+07,2,"TOX_bootstrap_n0_k20_50",0.01,NA,0,0,1,0.766837539677117
"nb",3,4e+07,2,"TOX_bootstrap_n0_k20_50",0.05,NA,0,0,1,0.766837539677117
"nb",3,4e+07,2,"TOX_bootstrap_n0_k20_50",0.1,NA,0,0,1,0.766837539677117
"nb",3,4e+07,2,"TOX_bootstrap_n0_k20_50",0.2,0.0666666666666667,0.0611353711790393,30,0,0.766837539677117
"nb",3,4e+07,2,"TOX_bootstrap_n0_k30_70",0.01,NA,0,0,1,0.767909313588468
"nb",3,4e+07,2,"TOX_bootstrap_n0_k30_70",0.05,NA,0,0,1,0.767909313588468
"nb",3,4e+07,2,"TOX_bootstrap_n0_k30_70",0.1,NA,0,0,1,0.767909313588468
"nb",3,4e+07,2,"TOX_bootstrap_n0_k30_70",0.2,0.0769230769230769,0.0524017467248908,26,0,0.767909313588468
"nb",3,4e+07,2,"TOX_bootstrap_n0_k40_70",0.01,NA,0,0,1,0.767672493224091
"nb",3,4e+07,2,"TOX_bootstrap_n0_k40_70",0.05,NA,0,0,1,0.767672493224091
"nb",3,4e+07,2,"TOX_bootstrap_n0_k40_70",0.1,NA,0,0,1,0.767672493224091
"nb",3,4e+07,2,"TOX_bootstrap_n0_k40_70",0.2,0.0769230769230769,0.0524017467248908,26,0,0.767672493224091
"nb",3,4e+07,2,"TOX_bootstrap_n1_k20_50",0.01,NA,0,0,1,0.762981379448858
"nb",3,4e+07,2,"TOX_bootstrap_n1_k20_50",0.05,0.0714285714285714,0.198689956331878,98,0,0.762981379448858
"nb",3,4e+07,2,"TOX_bootstrap_n1_k20_50",0.1,0.156462585034014,0.270742358078603,147,0,0.762981379448858
"nb",3,4e+07,2,"TOX_bootstrap_n1_k20_50",0.2,0.338912133891213,0.344978165938865,239,0,0.762981379448858
"nb",3,4e+07,2,"TOX_bootstrap_n1_k30_70",0.01,NA,0,0,1,0.763119589366429
"nb",3,4e+07,2,"TOX_bootstrap_n1_k30_70",0.05,0.0729166666666667,0.194323144104804,96,0,0.763119589366429
"nb",3,4e+07,2,"TOX_bootstrap_n1_k30_70",0.1,0.145985401459854,0.255458515283843,137,0,0.763119589366429
"nb",3,4e+07,2,"TOX_bootstrap_n1_k30_70",0.2,0.326086956521739,0.338427947598253,230,0,0.763119589366429
"nb",3,4e+07,2,"TOX_bootstrap_n1_k40_70",0.01,NA,0,0,1,0.763229846716401
"nb",3,4e+07,2,"TOX_bootstrap_n1_k40_70",0.05,0.074468085106383,0.189956331877729,94,0,0.763229846716401
"nb",3,4e+07,2,"TOX_bootstrap_n1_k40_70",0.1,0.145985401459854,0.255458515283843,137,0,0.763229846716401
"nb",3,4e+07,2,"TOX_bootstrap_n1_k40_70",0.2,0.317180616740088,0.338427947598253,227,0,0.763229846716401
"nb",5,4e+07,1,"edgeR",0.01,0.0141843971631206,0.300215982721382,141,0,0.821276349174117
"nb",5,4e+07,1,"edgeR",0.05,0.0229885057471264,0.367170626349892,174,0,0.821276349174117
"nb",5,4e+07,1,"edgeR",0.1,0.0653266331658292,0.401727861771058,199,0,0.821276349174117
"nb",5,4e+07,1,"edgeR",0.2,0.16600790513834,0.455723542116631,253,0,0.821276349174117
"nb",5,4e+07,1,"limma",0.01,0.0078740157480315,0.272138228941685,127,0,0.817757143531082
"nb",5,4e+07,1,"limma",0.05,0.0242424242424242,0.347732181425486,165,0,0.817757143531082
"nb",5,4e+07,1,"limma",0.1,0.0489130434782609,0.377969762419006,184,0,0.817757143531082
"nb",5,4e+07,1,"limma",0.2,0.135371179039301,0.427645788336933,229,0,0.817757143531082
"nb",5,4e+07,1,"DESeq2",0.01,0.0342465753424658,0.304535637149028,146,0,0.81789479531875
"nb",5,4e+07,1,"DESeq2",0.05,0.0797872340425532,0.373650107991361,188,0,0.81789479531875
"nb",5,4e+07,1,"DESeq2",0.1,0.163090128755365,0.421166306695464,233,0,0.81789479531875
"nb",5,4e+07,1,"DESeq2",0.2,0.269736842105263,0.479481641468682,304,0,0.81789479531875
"nb",5,4e+07,1,"TOX_exact_n0_k20_50",0.01,0,0.138228941684665,64,0,0.818808341486527
"nb",5,4e+07,1,"TOX_exact_n0_k20_50",0.05,0.0126582278481013,0.168466522678186,79,0,0.818808341486527
"nb",5,4e+07,1,"TOX_exact_n0_k20_50",0.1,0.0102040816326531,0.209503239740821,98,0,0.818808341486527
"nb",5,4e+07,1,"TOX_exact_n0_k20_50",0.2,0.0606060606060606,0.334773218142549,165,0,0.818808341486527
"nb",5,4e+07,1,"TOX_exact_n0_k30_70",0.01,0,0.107991360691145,50,0,0.818697324726842
"nb",5,4e+07,1,"TOX_exact_n0_k30_70",0.05,0.0147058823529412,0.144708423326134,68,0,0.818697324726842
"nb",5,4e+07,1,"TOX_exact_n0_k30_70",0.1,0.0108695652173913,0.196544276457883,92,0,0.818697324726842
"nb",5,4e+07,1,"TOX_exact_n0_k30_70",0.2,0.0377358490566038,0.330453563714903,159,0,0.818697324726842
"nb",5,4e+07,1,"TOX_exact_n0_k40_70",0.01,0,0.107991360691145,50,0,0.818714759229518
"nb",5,4e+07,1,"TOX_exact_n0_k40_70",0.05,0.0147058823529412,0.144708423326134,68,0,0.818714759229518
"nb",5,4e+07,1,"TOX_exact_n0_k40_70",0.1,0.0108695652173913,0.196544276457883,92,0,0.818714759229518
"nb",5,4e+07,1,"TOX_exact_n0_k40_70",0.2,0.0377358490566038,0.330453563714903,159,0,0.818714759229518
"nb",5,4e+07,1,"TOX_exact_n1_k20_50",0.01,0.00746268656716418,0.287257019438445,134,0,0.818719374244932
"nb",5,4e+07,1,"TOX_exact_n1_k20_50",0.05,0.0177514792899408,0.3585313174946,169,0,0.818719374244932
"nb",5,4e+07,1,"TOX_exact_n1_k20_50",0.1,0.0331491712707182,0.377969762419006,181,0,0.818719374244932
"nb",5,4e+07,1,"TOX_exact_n1_k20_50",0.2,0.110091743119266,0.419006479481641,218,0,0.818719374244932
"nb",5,4e+07,1,"TOX_exact_n1_k30_70",0.01,0.00746268656716418,0.287257019438445,134,0,0.818529645833462
"nb",5,4e+07,1,"TOX_exact_n1_k30_70",0.05,0.0181818181818182,0.349892008639309,165,0,0.818529645833462
"nb",5,4e+07,1,"TOX_exact_n1_k30_70",0.1,0.0386740331491713,0.375809935205184,181,0,0.818529645833462
"nb",5,4e+07,1,"TOX_exact_n1_k30_70",0.2,0.105990783410138,0.419006479481641,217,0,0.818529645833462
"nb",5,4e+07,1,"TOX_exact_n1_k40_70",0.01,0.00746268656716418,0.287257019438445,134,0,0.81855066979257
"nb",5,4e+07,1,"TOX_exact_n1_k40_70",0.05,0.0181818181818182,0.349892008639309,165,0,0.81855066979257
"nb",5,4e+07,1,"TOX_exact_n1_k40_70",0.1,0.0386740331491713,0.375809935205184,181,0,0.81855066979257
"nb",5,4e+07,1,"TOX_exact_n1_k40_70",0.2,0.105990783410138,0.419006479481641,217,0,0.81855066979257
"nb",5,4e+07,1,"TOX_bootstrap_n0_k20_50",0.01,NA,0,0,1,0.819204207253163
"nb",5,4e+07,1,"TOX_bootstrap_n0_k20_50",0.05,0.0117647058823529,0.181425485961123,85,0,0.819204207253163
"nb",5,4e+07,1,"TOX_bootstrap_n0_k20_50",0.1,0.0212765957446809,0.298056155507559,141,0,0.819204207253163
"nb",5,4e+07,1,"TOX_bootstrap_n0_k20_50",0.2,0.0561797752808989,0.362850971922246,178,0,0.819204207253163
"nb",5,4e+07,1,"TOX_bootstrap_n0_k30_70",0.01,NA,0,0,1,0.818605024418559
"nb",5,4e+07,1,"TOX_bootstrap_n0_k30_70",0.05,0.0210526315789474,0.200863930885529,95,0,0.818605024418559
"nb",5,4e+07,1,"TOX_bootstrap_n0_k30_70",0.1,0.0137931034482759,0.308855291576674,145,0,0.818605024418559
"nb",5,4e+07,1,"TOX_bootstrap_n0_k30_70",0.2,0.0514285714285714,0.3585313174946,175,0,0.818605024418559
"nb",5,4e+07,1,"TOX_bootstrap_n0_k40_70",0.01,NA,0,0,1,0.818626304767413
"nb",5,4e+07,1,"TOX_bootstrap_n0_k40_70",0.05,0.0210526315789474,0.200863930885529,95,0,0.818626304767413
"nb",5,4e+07,1,"TOX_bootstrap_n0_k40_70",0.1,0.0137931034482759,0.308855291576674,145,0,0.818626304767413
"nb",5,4e+07,1,"TOX_bootstrap_n0_k40_70",0.2,0.0514285714285714,0.3585313174946,175,0,0.818626304767413
"nb",5,4e+07,1,"TOX_bootstrap_n1_k20_50",0.01,0.008,0.267818574514039,125,0,0.818514262448748
"nb",5,4e+07,1,"TOX_bootstrap_n1_k20_50",0.05,0.0120481927710843,0.354211663066955,166,0,0.818514262448748
"nb",5,4e+07,1,"TOX_bootstrap_n1_k20_50",0.1,0.0331491712707182,0.377969762419006,181,0,0.818514262448748
"nb",5,4e+07,1,"TOX_bootstrap_n1_k20_50",0.2,0.105990783410138,0.419006479481641,217,0,0.818514262448748
"nb",5,4e+07,1,"TOX_bootstrap_n1_k30_70",0.01,0,0.280777537796976,130,0,0.818314791226958
"nb",5,4e+07,1,"TOX_bootstrap_n1_k30_70",0.05,0.0239520958083832,0.352051835853132,167,0,0.818314791226958
"nb",5,4e+07,1,"TOX_bootstrap_n1_k30_70",0.1,0.0434782608695652,0.380129589632829,184,0,0.818314791226958
"nb",5,4e+07,1,"TOX_bootstrap_n1_k30_70",0.2,0.106481481481481,0.416846652267819,216,0,0.818314791226958
"nb",5,4e+07,1,"TOX_bootstrap_n1_k40_70",0.01,0,0.280777537796976,130,0,0.818335815186067
"nb",5,4e+07,1,"TOX_bootstrap_n1_k40_70",0.05,0.0239520958083832,0.352051835853132,167,0,0.818335815186067
"nb",5,4e+07,1,"TOX_bootstrap_n1_k40_70",0.1,0.0434782608695652,0.380129589632829,184,0,0.818335815186067
"nb",5,4e+07,1,"TOX_bootstrap_n1_k40_70",0.2,0.106481481481481,0.416846652267819,216,0,0.818335815186067
"nb",5,4e+07,2,"edgeR",0.01,0.00709219858156028,0.302375809935205,141,0,0.832151085914558
"nb",5,4e+07,2,"edgeR",0.05,0.0508474576271186,0.362850971922246,177,0,0.832151085914558
"nb",5,4e+07,2,"edgeR",0.1,0.107476635514019,0.412526997840173,214,0,0.832151085914558
"nb",5,4e+07,2,"edgeR",0.2,0.225092250922509,0.453563714902808,271,0,0.832151085914558
"nb",5,4e+07,2,"limma",0.01,0.00833333333333333,0.257019438444924,120,0,0.824804170686617
"nb",5,4e+07,2,"limma",0.05,0.03125,0.334773218142549,160,0,0.824804170686617
"nb",5,4e+07,2,"limma",0.1,0.068421052631579,0.382289416846652,190,0,0.824804170686617
"nb",5,4e+07,2,"limma",0.2,0.161016949152542,0.427645788336933,236,0,0.824804170686617
"nb",5,4e+07,2,"DESeq2",0.01,0.0316455696202532,0.330453563714903,158,0,0.82800385274833
"nb",5,4e+07,2,"DESeq2",0.05,0.121951219512195,0.388768898488121,205,0,0.82800385274833
"nb",5,4e+07,2,"DESeq2",0.1,0.186991869918699,0.431965442764579,246,0,0.82800385274833
"nb",5,4e+07,2,"DESeq2",0.2,0.309090909090909,0.49244060475162,330,0,0.82800385274833
"nb",5,4e+07,2,"TOX_exact_n0_k20_50",0.01,0.0560747663551402,0.218142548596112,107,0,0.802154830713948
"nb",5,4e+07,2,"TOX_exact_n0_k20_50",0.05,0.0703125,0.257019438444924,128,0,0.802154830713948
"nb",5,4e+07,2,"TOX_exact_n0_k20_50",0.1,0.106918238993711,0.306695464362851,159,0,0.802154830713948
"nb",5,4e+07,2,"TOX_exact_n0_k20_50",0.2,0.217898832684825,0.434125269978402,257,0,0.802154830713948
"nb",5,4e+07,2,"TOX_exact_n0_k30_70",0.01,0.0235294117647059,0.1792656587473,85,0,0.802402852846897
"nb",5,4e+07,2,"TOX_exact_n0_k30_70",0.05,0.0467289719626168,0.220302375809935,107,0,0.802402852846897
"nb",5,4e+07,2,"TOX_exact_n0_k30_70",0.1,0.0844155844155844,0.304535637149028,154,0,0.802402852846897
"nb",5,4e+07,2,"TOX_exact_n0_k30_70",0.2,0.21259842519685,0.431965442764579,254,0,0.802402852846897
"nb",5,4e+07,2,"TOX_exact_n0_k40_70",0.01,0.0235294117647059,0.1792656587473,85,0,0.802397701816099
"nb",5,4e+07,2,"TOX_exact_n0_k40_70",0.05,0.0467289719626168,0.220302375809935,107,0,0.802397701816099
"nb",5,4e+07,2,"TOX_exact_n0_k40_70",0.1,0.0844155844155844,0.304535637149028,154,0,0.802397701816099
"nb",5,4e+07,2,"TOX_exact_n0_k40_70",0.2,0.21259842519685,0.431965442764579,254,0,0.802397701816099
"nb",5,4e+07,2,"TOX_exact_n1_k20_50",0.01,0.0421686746987952,0.34341252699784,166,0,0.802091473035126
"nb",5,4e+07,2,"TOX_exact_n1_k20_50",0.05,0.10952380952381,0.403887688984881,210,0,0.802091473035126
"nb",5,4e+07,2,"TOX_exact_n1_k20_50",0.1,0.199203187250996,0.434125269978402,251,0,0.802091473035126
"nb",5,4e+07,2,"TOX_exact_n1_k20_50",0.2,0.334346504559271,0.473002159827214,329,0,0.802091473035126
"nb",5,4e+07,2,"TOX_exact_n1_k30_70",0.01,0.0368098159509202,0.339092872570194,163,0,0.802109244091381
"nb",5,4e+07,2,"TOX_exact_n1_k30_70",0.05,0.114285714285714,0.401727861771058,210,0,0.802109244091381
"nb",5,4e+07,2,"TOX_exact_n1_k30_70",0.1,0.195219123505976,0.436285097192225,251,0,0.802109244091381
"nb",5,4e+07,2,"TOX_exact_n1_k30_70",0.2,0.337349397590361,0.475161987041037,332,0,0.802109244091381
"nb",5,4e+07,2,"TOX_exact_n1_k40_70",0.01,0.0368098159509202,0.339092872570194,163,0,0.802104608163663
"nb",5,4e+07,2,"TOX_exact_n1_k40_70",0.05,0.115384615384615,0.397408207343413,208,0,0.802104608163663
"nb",5,4e+07,2,"TOX_exact_n1_k40_70",0.1,0.195219123505976,0.436285097192225,251,0,0.802104608163663
"nb",5,4e+07,2,"TOX_exact_n1_k40_70",0.2,0.337349397590361,0.475161987041037,332,0,0.802104608163663
"nb",5,4e+07,2,"TOX_bootstrap_n0_k20_50",0.01,NA,0,0,1,0.802449469675624
"nb",5,4e+07,2,"TOX_bootstrap_n0_k20_50",0.05,0.0482758620689655,0.298056155507559,145,0,0.802449469675624
"nb",5,4e+07,2,"TOX_bootstrap_n0_k20_50",0.1,0.107317073170732,0.39524838012959,205,0,0.802449469675624
"nb",5,4e+07,2,"TOX_bootstrap_n0_k20_50",0.2,0.240875912408759,0.449244060475162,274,0,0.802449469675624
"nb",5,4e+07,2,"TOX_bootstrap_n0_k30_70",0.01,NA,0,0,1,0.802456166015662
"nb",5,4e+07,2,"TOX_bootstrap_n0_k30_70",0.05,0.0559440559440559,0.291576673866091,143,0,0.802456166015662
"nb",5,4e+07,2,"TOX_bootstrap_n0_k30_70",0.1,0.0994764397905759,0.371490280777538,191,0,0.802456166015662
"nb",5,4e+07,2,"TOX_bootstrap_n0_k30_70",0.2,0.243636363636364,0.449244060475162,275,0,0.802456166015662
"nb",5,4e+07,2,"TOX_bootstrap_n0_k40_70",0.01,NA,0,0,1,0.802461574598001
"nb",5,4e+07,2,"TOX_bootstrap_n0_k40_70",0.05,0.0559440559440559,0.291576673866091,143,0,0.802461574598001
"nb",5,4e+07,2,"TOX_bootstrap_n0_k40_70",0.1,0.0994764397905759,0.371490280777538,191,0,0.802461574598001
"nb",5,4e+07,2,"TOX_bootstrap_n0_k40_70",0.2,0.243636363636364,0.449244060475162,275,0,0.802461574598001
"nb",5,4e+07,2,"TOX_bootstrap_n1_k20_50",0.01,0.0246913580246914,0.341252699784017,162,0,0.802057991334936
"nb",5,4e+07,2,"TOX_bootstrap_n1_k20_50",0.05,0.117924528301887,0.403887688984881,212,0,0.802057991334936
"nb",5,4e+07,2,"TOX_bootstrap_n1_k20_50",0.1,0.200787401574803,0.438444924406048,254,0,0.802057991334936
"nb",5,4e+07,2,"TOX_bootstrap_n1_k20_50",0.2,0.345238095238095,0.475161987041037,336,0,0.802057991334936
"nb",5,4e+07,2,"TOX_bootstrap_n1_k30_70",0.01,0.0253164556962025,0.332613390928726,158,0,0.80204253824254
"nb",5,4e+07,2,"TOX_bootstrap_n1_k30_70",0.05,0.104761904761905,0.406047516198704,210,0,0.80204253824254
"nb",5,4e+07,2,"TOX_bootstrap_n1_k30_70",0.1,0.192,0.436285097192225,250,0,0.80204253824254
"nb",5,4e+07,2,"TOX_bootstrap_n1_k30_70",0.2,0.328220858895706,0.473002159827214,326,0,0.80204253824254
"nb",5,4e+07,2,"TOX_bootstrap_n1_k40_70",0.01,0.0253164556962025,0.332613390928726,158,0,0.802046916618719
"nb",5,4e+07,2,"TOX_bootstrap_n1_k40_70",0.05,0.104761904761905,0.406047516198704,210,0,0.802046916618719
"nb",5,4e+07,2,"TOX_bootstrap_n1_k40_70",0.1,0.192,0.436285097192225,250,0,0.802046916618719
"nb",5,4e+07,2,"TOX_bootstrap_n1_k40_70",0.2,0.328220858895706,0.473002159827214,326,0,0.802046916618719
"lnpois",3,4e+07,1,"edgeR",0.01,0.0105263157894737,0.203463203463203,95,0,0.784918846644299
"lnpois",3,4e+07,1,"edgeR",0.05,0.0266666666666667,0.316017316017316,150,0,0.784918846644299
"lnpois",3,4e+07,1,"edgeR",0.1,0.08,0.348484848484849,175,0,0.784918846644299
"lnpois",3,4e+07,1,"edgeR",0.2,0.224066390041494,0.404761904761905,241,0,0.784918846644299
"lnpois",3,4e+07,1,"limma",0.01,0.0112359550561798,0.19047619047619,89,0,0.784442202221039
"lnpois",3,4e+07,1,"limma",0.05,0.0152671755725191,0.279220779220779,131,0,0.784442202221039
"lnpois",3,4e+07,1,"limma",0.1,0.0496894409937888,0.331168831168831,161,0,0.784442202221039
"lnpois",3,4e+07,1,"limma",0.2,0.131707317073171,0.385281385281385,205,0,0.784442202221039
"lnpois",3,4e+07,1,"DESeq2",0.01,0.0263157894736842,0.24025974025974,114,0,0.785130344710898
"lnpois",3,4e+07,1,"DESeq2",0.05,0.0941176470588235,0.333333333333333,170,0,0.785130344710898
"lnpois",3,4e+07,1,"DESeq2",0.1,0.153846153846154,0.380952380952381,208,0,0.785130344710898
"lnpois",3,4e+07,1,"DESeq2",0.2,0.33968253968254,0.45021645021645,315,0,0.785130344710898
"lnpois",3,4e+07,1,"TOX_exact_n0_k20_50",0.01,0.0229885057471264,0.183982683982684,87,0,0.780140022037067
"lnpois",3,4e+07,1,"TOX_exact_n0_k20_50",0.05,0.0427350427350427,0.242424242424242,117,0,0.780140022037067
"lnpois",3,4e+07,1,"TOX_exact_n0_k20_50",0.1,0.0763358778625954,0.261904761904762,131,0,0.780140022037067
"lnpois",3,4e+07,1,"TOX_exact_n0_k20_50",0.2,0.154255319148936,0.344155844155844,188,0,0.780140022037067
"lnpois",3,4e+07,1,"TOX_exact_n0_k30_70",0.01,0.028169014084507,0.149350649350649,71,0,0.780388403303084
"lnpois",3,4e+07,1,"TOX_exact_n0_k30_70",0.05,0.0495049504950495,0.207792207792208,101,0,0.780388403303084
"lnpois",3,4e+07,1,"TOX_exact_n0_k30_70",0.1,0.0564516129032258,0.253246753246753,124,0,0.780388403303084
"lnpois",3,4e+07,1,"TOX_exact_n0_k30_70",0.2,0.128342245989305,0.352813852813853,187,0,0.780388403303084
"lnpois",3,4e+07,1,"TOX_exact_n0_k40_70",0.01,0.0285714285714286,0.147186147186147,70,0,0.780462169701922
"lnpois",3,4e+07,1,"TOX_exact_n0_k40_70",0.05,0.05,0.205627705627706,100,0,0.780462169701922
"lnpois",3,4e+07,1,"TOX_exact_n0_k40_70",0.1,0.0569105691056911,0.251082251082251,123,0,0.780462169701922
"lnpois",3,4e+07,1,"TOX_exact_n0_k40_70",0.2,0.128342245989305,0.352813852813853,187,0,0.780462169701922
"lnpois",3,4e+07,1,"TOX_exact_n1_k20_50",0.01,0.0405405405405405,0.307359307359307,148,0,0.778923134380713
"lnpois",3,4e+07,1,"TOX_exact_n1_k20_50",0.05,0.0978260869565217,0.359307359307359,184,0,0.778923134380713
"lnpois",3,4e+07,1,"TOX_exact_n1_k20_50",0.1,0.138613861386139,0.376623376623377,202,0,0.778923134380713
"lnpois",3,4e+07,1,"TOX_exact_n1_k20_50",0.2,0.28673835125448,0.430735930735931,279,0,0.778923134380713
"lnpois",3,4e+07,1,"TOX_exact_n1_k30_70",0.01,0.0359712230215827,0.29004329004329,139,0,0.778653087459093
"lnpois",3,4e+07,1,"TOX_exact_n1_k30_70",0.05,0.102150537634409,0.361471861471861,186,0,0.778653087459093
"lnpois",3,4e+07,1,"TOX_exact_n1_k30_70",0.1,0.142156862745098,0.378787878787879,204,0,0.778653087459093
"lnpois",3,4e+07,1,"TOX_exact_n1_k30_70",0.2,0.254752851711027,0.424242424242424,263,0,0.778653087459093
"lnpois",3,4e+07,1,"TOX_exact_n1_k40_70",0.01,0.0359712230215827,0.29004329004329,139,0,0.778720663670616
"lnpois",3,4e+07,1,"TOX_exact_n1_k40_70",0.05,0.0978260869565217,0.359307359307359,184,0,0.778720663670616
"lnpois",3,4e+07,1,"TOX_exact_n1_k40_70",0.1,0.142156862745098,0.378787878787879,204,0,0.778720663670616
"lnpois",3,4e+07,1,"TOX_exact_n1_k40_70",0.2,0.251908396946565,0.424242424242424,262,0,0.778720663670616
"lnpois",3,4e+07,1,"TOX_bootstrap_n0_k20_50",0.01,NA,0,0,1,0.780090758463018
"lnpois",3,4e+07,1,"TOX_bootstrap_n0_k20_50",0.05,0.0263157894736842,0.0800865800865801,38,0,0.780090758463018
"lnpois",3,4e+07,1,"TOX_bootstrap_n0_k20_50",0.1,0.0487804878048781,0.253246753246753,123,0,0.780090758463018
"lnpois",3,4e+07,1,"TOX_bootstrap_n0_k20_50",0.2,0.150753768844221,0.365800865800866,199,0,0.780090758463018
"lnpois",3,4e+07,1,"TOX_bootstrap_n0_k30_70",0.01,NA,0,0,1,0.78036828519431
"lnpois",3,4e+07,1,"TOX_bootstrap_n0_k30_70",0.05,0.1,0.0194805194805195,10,0,0.78036828519431
"lnpois",3,4e+07,1,"TOX_bootstrap_n0_k30_70",0.1,0.0392156862745098,0.212121212121212,102,0,0.78036828519431
"lnpois",3,4e+07,1,"TOX_bootstrap_n0_k30_70",0.2,0.124352331606218,0.365800865800866,193,0,0.78036828519431
"lnpois",3,4e+07,1,"TOX_bootstrap_n0_k40_70",0.01,NA,0,0,1,0.78039124047227
"lnpois",3,4e+07,1,"TOX_bootstrap_n0_k40_70",0.05,NA,0,0,1,0.78039124047227
"lnpois",3,4e+07,1,"TOX_bootstrap_n0_k40_70",0.1,0.0392156862745098,0.212121212121212,102,0,0.78039124047227
"lnpois",3,4e+07,1,"TOX_bootstrap_n0_k40_70",0.2,0.125,0.363636363636364,192,0,0.78039124047227
"lnpois",3,4e+07,1,"TOX_bootstrap_n1_k20_50",0.01,0.0241935483870968,0.261904761904762,124,0,0.778778180827752
"lnpois",3,4e+07,1,"TOX_bootstrap_n1_k20_50",0.05,0.0809248554913295,0.344155844155844,173,0,0.778778180827752
"lnpois",3,4e+07,1,"TOX_bootstrap_n1_k20_50",0.1,0.141463414634146,0.380952380952381,205,0,0.778778180827752
"lnpois",3,4e+07,1,"TOX_bootstrap_n1_k20_50",0.2,0.263940520446097,0.428571428571429,269,0,0.778778180827752
"lnpois",3,4e+07,1,"TOX_bootstrap_n1_k30_70",0.01,0.0168067226890756,0.253246753246753,119,0,0.778695387072413
"lnpois",3,4e+07,1,"TOX_bootstrap_n1_k30_70",0.05,0.0893854748603352,0.352813852813853,179,0,0.778695387072413
"lnpois",3,4e+07,1,"TOX_bootstrap_n1_k30_70",0.1,0.128712871287129,0.380952380952381,202,0,0.778695387072413
"lnpois",3,4e+07,1,"TOX_bootstrap_n1_k30_70",0.2,0.242307692307692,0.426406926406926,260,0,0.778695387072413
"lnpois",3,4e+07,1,"TOX_bootstrap_n1_k40_70",0.01,0.0168067226890756,0.253246753246753,119,0,0.778760899888164
"lnpois",3,4e+07,1,"TOX_bootstrap_n1_k40_70",0.05,0.0898876404494382,0.350649350649351,178,0,0.778760899888164
"lnpois",3,4e+07,1,"TOX_bootstrap_n1_k40_70",0.1,0.128712871287129,0.380952380952381,202,0,0.778760899888164
"lnpois",3,4e+07,1,"TOX_bootstrap_n1_k40_70",0.2,0.239382239382239,0.426406926406926,259,0,0.778760899888164
"lnpois",3,4e+07,2,"edgeR",0.01,0.0545454545454545,0.226579520697168,110,0,0.782841370220692
"lnpois",3,4e+07,2,"edgeR",0.05,0.0758620689655172,0.291938997821351,145,0,0.782841370220692
"lnpois",3,4e+07,2,"edgeR",0.1,0.151685393258427,0.328976034858388,178,0,0.782841370220692
"lnpois",3,4e+07,2,"edgeR",0.2,0.237068965517241,0.38562091503268,232,0,0.782841370220692
"lnpois",3,4e+07,2,"limma",0.01,0.02,0.213507625272331,100,0,0.789733323354787
"lnpois",3,4e+07,2,"limma",0.05,0.0620689655172414,0.296296296296296,145,0,0.789733323354787
"lnpois",3,4e+07,2,"limma",0.1,0.113636363636364,0.339869281045752,176,0,0.789733323354787
"lnpois",3,4e+07,2,"limma",0.2,0.183574879227053,0.368191721132898,207,0,0.789733323354787
"lnpois",3,4e+07,2,"DESeq2",0.01,0.0578512396694215,0.248366013071895,121,0,0.781442814615244
"lnpois",3,4e+07,2,"DESeq2",0.05,0.134078212290503,0.337690631808279,179,0,0.781442814615244
"lnpois",3,4e+07,2,"DESeq2",0.1,0.234513274336283,0.376906318082789,226,0,0.781442814615244
"lnpois",3,4e+07,2,"DESeq2",0.2,0.343137254901961,0.437908496732026,306,0,0.781442814615244
"lnpois",3,4e+07,2,"TOX_exact_n0_k20_50",0.01,0.0434782608695652,0.0479302832244009,23,0,0.764636240416438
"lnpois",3,4e+07,2,"TOX_exact_n0_k20_50",0.05,0.0727272727272727,0.111111111111111,55,0,0.764636240416438
"lnpois",3,4e+07,2,"TOX_exact_n0_k20_50",0.1,0.0967741935483871,0.122004357298475,62,0,0.764636240416438
"lnpois",3,4e+07,2,"TOX_exact_n0_k20_50",0.2,0.135416666666667,0.18082788671024,96,0,0.764636240416438
"lnpois",3,4e+07,2,"TOX_exact_n0_k30_70",0.01,0,0.0566448801742919,26,0,0.765021349930982
"lnpois",3,4e+07,2,"TOX_exact_n0_k30_70",0.05,0,0.0784313725490196,36,0,0.765021349930982
"lnpois",3,4e+07,2,"TOX_exact_n0_k30_70",0.1,0.0208333333333333,0.10239651416122,48,0,0.765021349930982
"lnpois",3,4e+07,2,"TOX_exact_n0_k30_70",0.2,0.101123595505618,0.174291938997821,89,0,0.765021349930982
"lnpois",3,4e+07,2,"TOX_exact_n0_k40_70",0.01,0,0.0522875816993464,24,0,0.764885444211612
"lnpois",3,4e+07,2,"TOX_exact_n0_k40_70",0.05,0,0.0697167755991285,32,0,0.764885444211612
"lnpois",3,4e+07,2,"TOX_exact_n0_k40_70",0.1,0.0263157894736842,0.0806100217864924,38,0,0.764885444211612
"lnpois",3,4e+07,2,"TOX_exact_n0_k40_70",0.2,0.105882352941176,0.16557734204793,85,0,0.764885444211612
"lnpois",3,4e+07,2,"TOX_exact_n1_k20_50",0.01,0.0434782608695652,0.191721132897603,92,0,0.773271320826889
"lnpois",3,4e+07,2,"TOX_exact_n1_k20_50",0.05,0.0746268656716418,0.270152505446623,134,0,0.773271320826889
"lnpois",3,4e+07,2,"TOX_exact_n1_k20_50",0.1,0.163841807909605,0.32244008714597,177,0,0.773271320826889
"lnpois",3,4e+07,2,"TOX_exact_n1_k20_50",0.2,0.272727272727273,0.366013071895425,231,0,0.773271320826889
"lnpois",3,4e+07,2,"TOX_exact_n1_k30_70",0.01,0.0222222222222222,0.191721132897603,90,0,0.773705283640174
"lnpois",3,4e+07,2,"TOX_exact_n1_k30_70",0.05,0.062015503875969,0.263616557734205,129,0,0.773705283640174
"lnpois",3,4e+07,2,"TOX_exact_n1_k30_70",0.1,0.126506024096386,0.315904139433551,166,0,0.773705283640174
"lnpois",3,4e+07,2,"TOX_exact_n1_k30_70",0.2,0.237442922374429,0.363834422657952,219,0,0.773705283640174
"lnpois",3,4e+07,2,"TOX_exact_n1_k40_70",0.01,0.0224719101123595,0.189542483660131,89,0,0.773545990703321
"lnpois",3,4e+07,2,"TOX_exact_n1_k40_70",0.05,0.062015503875969,0.263616557734205,129,0,0.773545990703321
"lnpois",3,4e+07,2,"TOX_exact_n1_k40_70",0.1,0.121212121212121,0.315904139433551,165,0,0.773545990703321
"lnpois",3,4e+07,2,"TOX_exact_n1_k40_70",0.2,0.237442922374429,0.363834422657952,219,0,0.773545990703321
"lnpois",3,4e+07,2,"TOX_bootstrap_n0_k20_50",0.01,NA,0,0,1,0.764898177252241
"lnpois",3,4e+07,2,"TOX_bootstrap_n0_k20_50",0.05,0.1,0.0196078431372549,10,0,0.764898177252241
"lnpois",3,4e+07,2,"TOX_bootstrap_n0_k20_50",0.1,0.125,0.0305010893246187,16,0,0.764898177252241
"lnpois",3,4e+07,2,"TOX_bootstrap_n0_k20_50",0.2,0.140495867768595,0.226579520697168,121,0,0.764898177252241
"lnpois",3,4e+07,2,"TOX_bootstrap_n0_k30_70",0.01,NA,0,0,1,0.765236252473848
"lnpois",3,4e+07,2,"TOX_bootstrap_n0_k30_70",0.05,NA,0,0,1,0.765236252473848
"lnpois",3,4e+07,2,"TOX_bootstrap_n0_k30_70",0.1,0.2,0.00871459694989107,5,0,0.765236252473848
"lnpois",3,4e+07,2,"TOX_bootstrap_n0_k30_70",0.2,0.133333333333333,0.226579520697168,120,0,0.765236252473848
"lnpois",3,4e+07,2,"TOX_bootstrap_n0_k40_70",0.01,NA,0,0,1,0.765047595586156
"lnpois",3,4e+07,2,"TOX_bootstrap_n0_k40_70",0.05,NA,0,0,1,0.765047595586156
"lnpois",3,4e+07,2,"TOX_bootstrap_n0_k40_70",0.1,NA,0,0,1,0.765047595586156
"lnpois",3,4e+07,2,"TOX_bootstrap_n0_k40_70",0.2,0.121495327102804,0.20479302832244,107,0,0.765047595586156
"lnpois",3,4e+07,2,"TOX_bootstrap_n1_k20_50",0.01,0.0285714285714286,0.148148148148148,70,0,0.773236499858637
"lnpois",3,4e+07,2,"TOX_bootstrap_n1_k20_50",0.05,0.0708661417322835,0.257080610021787,127,0,0.773236499858637
"lnpois",3,4e+07,2,"TOX_bootstrap_n1_k20_50",0.1,0.134146341463415,0.309368191721133,164,0,0.773236499858637
"lnpois",3,4e+07,2,"TOX_bootstrap_n1_k20_50",0.2,0.260089686098655,0.359477124183007,223,0,0.773236499858637
"lnpois",3,4e+07,2,"TOX_bootstrap_n1_k30_70",0.01,0.0298507462686567,0.14161220043573,67,0,0.77363044454423
"lnpois",3,4e+07,2,"TOX_bootstrap_n1_k30_70",0.05,0.0508474576271186,0.24400871459695,118,0,0.77363044454423
"lnpois",3,4e+07,2,"TOX_bootstrap_n1_k30_70",0.1,0.121019108280255,0.300653594771242,157,0,0.77363044454423
"lnpois",3,4e+07,2,"TOX_bootstrap_n1_k30_70",0.2,0.253333333333333,0.366013071895425,225,0,0.77363044454423
"lnpois",3,4e+07,2,"TOX_bootstrap_n1_k40_70",0.01,0.0303030303030303,0.139433551198257,66,0,0.773439968650734
"lnpois",3,4e+07,2,"TOX_bootstrap_n1_k40_70",0.05,0.0517241379310345,0.239651416122004,116,0,0.773439968650734
"lnpois",3,4e+07,2,"TOX_bootstrap_n1_k40_70",0.1,0.121019108280255,0.300653594771242,157,0,0.773439968650734
"lnpois",3,4e+07,2,"TOX_bootstrap_n1_k40_70",0.2,0.253333333333333,0.366013071895425,225,0,0.773439968650734
"lnpois",5,4e+07,1,"edgeR",0.01,0.0290697674418605,0.36304347826087,172,0,0.805508693584734
"lnpois",5,4e+07,1,"edgeR",0.05,0.114035087719298,0.439130434782609,228,0,0.805508693584734
"lnpois",5,4e+07,1,"edgeR",0.1,0.174074074074074,0.484782608695652,270,0,0.805508693584734
"lnpois",5,4e+07,1,"edgeR",0.2,0.275449101796407,0.526086956521739,334,0,0.805508693584734
"lnpois",5,4e+07,1,"limma",0.01,0.0119760479041916,0.358695652173913,167,0,0.812984556224028
"lnpois",5,4e+07,1,"limma",0.05,0.0536585365853659,0.421739130434783,205,0,0.812984556224028
"lnpois",5,4e+07,1,"limma",0.1,0.11864406779661,0.452173913043478,236,0,0.812984556224028
"lnpois",5,4e+07,1,"limma",0.2,0.206081081081081,0.510869565217391,296,0,0.812984556224028
"lnpois",5,4e+07,1,"DESeq2",0.01,0.0427807486631016,0.389130434782609,187,0,0.804619242103086
"lnpois",5,4e+07,1,"DESeq2",0.05,0.152542372881356,0.434782608695652,236,0,0.804619242103086
"lnpois",5,4e+07,1,"DESeq2",0.1,0.245733788395904,0.480434782608696,293,0,0.804619242103086
"lnpois",5,4e+07,1,"DESeq2",0.2,0.356770833333333,0.53695652173913,384,0,0.804619242103086
"lnpois",5,4e+07,1,"TOX_exact_n0_k20_50",0.01,0,0.158695652173913,73,0,0.803844921333912
"lnpois",5,4e+07,1,"TOX_exact_n0_k20_50",0.05,0.0120481927710843,0.178260869565217,83,0,0.803844921333912
"lnpois",5,4e+07,1,"TOX_exact_n0_k20_50",0.1,0.0105263157894737,0.204347826086957,95,0,0.803844921333912
"lnpois",5,4e+07,1,"TOX_exact_n0_k20_50",0.2,0.036144578313253,0.347826086956522,166,0,0.803844921333912
"lnpois",5,4e+07,1,"TOX_exact_n0_k30_70",0.01,0,0.13695652173913,63,0,0.804769066964378
"lnpois",5,4e+07,1,"TOX_exact_n0_k30_70",0.05,0,0.154347826086957,71,0,0.804769066964378
"lnpois",5,4e+07,1,"TOX_exact_n0_k30_70",0.1,0,0.193478260869565,89,0,0.804769066964378
"lnpois",5,4e+07,1,"TOX_exact_n0_k30_70",0.2,0.01875,0.341304347826087,160,0,0.804769066964378
"lnpois",5,4e+07,1,"TOX_exact_n0_k40_70",0.01,0,0.13695652173913,63,0,0.804774235564101
"lnpois",5,4e+07,1,"TOX_exact_n0_k40_70",0.05,0,0.154347826086957,71,0,0.804774235564101
"lnpois",5,4e+07,1,"TOX_exact_n0_k40_70",0.1,0,0.193478260869565,89,0,0.804774235564101
"lnpois",5,4e+07,1,"TOX_exact_n0_k40_70",0.2,0.01875,0.341304347826087,160,0,0.804774235564101
"lnpois",5,4e+07,1,"TOX_exact_n1_k20_50",0.01,0.0179640718562874,0.356521739130435,167,0,0.813909218714466
"lnpois",5,4e+07,1,"TOX_exact_n1_k20_50",0.05,0.0301507537688442,0.419565217391304,199,0,0.813909218714466
"lnpois",5,4e+07,1,"TOX_exact_n1_k20_50",0.1,0.0642201834862385,0.443478260869565,218,0,0.813909218714466
"lnpois",5,4e+07,1,"TOX_exact_n1_k20_50",0.2,0.156716417910448,0.491304347826087,268,0,0.813909218714466
"lnpois",5,4e+07,1,"TOX_exact_n1_k30_70",0.01,0.0121212121212121,0.354347826086957,165,0,0.814654013934545
"lnpois",5,4e+07,1,"TOX_exact_n1_k30_70",0.05,0.0251256281407035,0.421739130434783,199,0,0.814654013934545
"lnpois",5,4e+07,1,"TOX_exact_n1_k30_70",0.1,0.0547945205479452,0.45,219,0,0.814654013934545
"lnpois",5,4e+07,1,"TOX_exact_n1_k30_70",0.2,0.156716417910448,0.491304347826087,268,0,0.814654013934545
"lnpois",5,4e+07,1,"TOX_exact_n1_k40_70",0.01,0.0121212121212121,0.354347826086957,165,0,0.81460801339701
"lnpois",5,4e+07,1,"TOX_exact_n1_k40_70",0.05,0.0251256281407035,0.421739130434783,199,0,0.81460801339701
"lnpois",5,4e+07,1,"TOX_exact_n1_k40_70",0.1,0.0547945205479452,0.45,219,0,0.81460801339701
"lnpois",5,4e+07,1,"TOX_exact_n1_k40_70",0.2,0.156716417910448,0.491304347826087,268,0,0.81460801339701
"lnpois",5,4e+07,1,"TOX_bootstrap_n0_k20_50",0.01,NA,0,0,1,0.803935888689036
"lnpois",5,4e+07,1,"TOX_bootstrap_n0_k20_50",0.05,0,0.247826086956522,114,0,0.803935888689036
"lnpois",5,4e+07,1,"TOX_bootstrap_n0_k20_50",0.1,0.0294117647058824,0.358695652173913,170,0,0.803935888689036
"lnpois",5,4e+07,1,"TOX_bootstrap_n0_k20_50",0.2,0.0845070422535211,0.423913043478261,213,0,0.803935888689036
"lnpois",5,4e+07,1,"TOX_bootstrap_n0_k30_70",0.01,NA,0,0,1,0.80477966259381
"lnpois",5,4e+07,1,"TOX_bootstrap_n0_k30_70",0.05,0,0.252173913043478,116,0,0.80477966259381
"lnpois",5,4e+07,1,"TOX_bootstrap_n0_k30_70",0.1,0.0238095238095238,0.356521739130435,168,0,0.80477966259381
"lnpois",5,4e+07,1,"TOX_bootstrap_n0_k30_70",0.2,0.107142857142857,0.434782608695652,224,0,0.80477966259381
"lnpois",5,4e+07,1,"TOX_bootstrap_n0_k40_70",0.01,NA,0,0,1,0.804781730033699
"lnpois",5,4e+07,1,"TOX_bootstrap_n0_k40_70",0.05,0,0.252173913043478,116,0,0.804781730033699
"lnpois",5,4e+07,1,"TOX_bootstrap_n0_k40_70",0.1,0.0238095238095238,0.356521739130435,168,0,0.804781730033699
"lnpois",5,4e+07,1,"TOX_bootstrap_n0_k40_70",0.2,0.107142857142857,0.434782608695652,224,0,0.804781730033699
"lnpois",5,4e+07,1,"TOX_bootstrap_n1_k20_50",0.01,0.0189873417721519,0.33695652173913,158,0,0.814135344952346
"lnpois",5,4e+07,1,"TOX_bootstrap_n1_k20_50",0.05,0.0252525252525253,0.419565217391304,198,0,0.814135344952346
"lnpois",5,4e+07,1,"TOX_bootstrap_n1_k20_50",0.1,0.0518867924528302,0.43695652173913,212,0,0.814135344952346
"lnpois",5,4e+07,1,"TOX_bootstrap_n1_k20_50",0.2,0.140684410646388,0.491304347826087,263,0,0.814135344952346
"lnpois",5,4e+07,1,"TOX_bootstrap_n1_k30_70",0.01,0.0128205128205128,0.334782608695652,156,0,0.814828971035167
"lnpois",5,4e+07,1,"TOX_bootstrap_n1_k30_70",0.05,0.0203045685279188,0.419565217391304,197,0,0.814828971035167
"lnpois",5,4e+07,1,"TOX_bootstrap_n1_k30_70",0.1,0.0471698113207547,0.439130434782609,212,0,0.814828971035167
"lnpois",5,4e+07,1,"TOX_bootstrap_n1_k30_70",0.2,0.130769230769231,0.491304347826087,260,0,0.814828971035167
"lnpois",5,4e+07,1,"TOX_bootstrap_n1_k40_70",0.01,0.0128205128205128,0.334782608695652,156,0,0.814777285037938
"lnpois",5,4e+07,1,"TOX_bootstrap_n1_k40_70",0.05,0.0203045685279188,0.419565217391304,197,0,0.814777285037938
"lnpois",5,4e+07,1,"TOX_bootstrap_n1_k40_70",0.1,0.0471698113207547,0.439130434782609,212,0,0.814777285037938
"lnpois",5,4e+07,1,"TOX_bootstrap_n1_k40_70",0.2,0.130769230769231,0.491304347826087,260,0,0.814777285037938
"lnpois",5,4e+07,2,"edgeR",0.01,0.0303030303030303,0.348583877995643,165,0,0.827326871581106
"lnpois",5,4e+07,2,"edgeR",0.05,0.0892018779342723,0.422657952069717,213,0,0.827326871581106
"lnpois",5,4e+07,2,"edgeR",0.1,0.146341463414634,0.457516339869281,246,0,0.827326871581106
"lnpois",5,4e+07,2,"edgeR",0.2,0.25705329153605,0.516339869281046,319,0,0.827326871581106
"lnpois",5,4e+07,2,"limma",0.01,0.0123456790123457,0.348583877995643,162,0,0.834586095558596
"lnpois",5,4e+07,2,"limma",0.05,0.0738916256157636,0.40958605664488,203,0,0.834586095558596
"lnpois",5,4e+07,2,"limma",0.1,0.116883116883117,0.444444444444444,231,0,0.834586095558596
"lnpois",5,4e+07,2,"limma",0.2,0.177536231884058,0.494553376906318,276,0,0.834586095558596
"lnpois",5,4e+07,2,"DESeq2",0.01,0.0588235294117647,0.348583877995643,170,0,0.825779764697569
"lnpois",5,4e+07,2,"DESeq2",0.05,0.11965811965812,0.44880174291939,234,0,0.825779764697569
"lnpois",5,4e+07,2,"DESeq2",0.1,0.191881918819188,0.477124183006536,271,0,0.825779764697569
"lnpois",5,4e+07,2,"DESeq2",0.2,0.352785145888594,0.531590413943355,377,0,0.825779764697569
"lnpois",5,4e+07,2,"TOX_exact_n0_k20_50",0.01,0.0153846153846154,0.139433551198257,65,0,0.822468883295691
"lnpois",5,4e+07,2,"TOX_exact_n0_k20_50",0.05,0.0128205128205128,0.167755991285403,78,0,0.822468883295691
"lnpois",5,4e+07,2,"TOX_exact_n0_k20_50",0.1,0.04,0.209150326797386,100,0,0.822468883295691
"lnpois",5,4e+07,2,"TOX_exact_n0_k20_50",0.2,0.0977011494252874,0.342047930283224,174,0,0.822468883295691
"lnpois",5,4e+07,2,"TOX_exact_n0_k30_70",0.01,0.0175438596491228,0.122004357298475,57,0,0.822758141916765
"lnpois",5,4e+07,2,"TOX_exact_n0_k30_70",0.05,0.0144927536231884,0.148148148148148,69,0,0.822758141916765
"lnpois",5,4e+07,2,"TOX_exact_n0_k30_70",0.1,0.0116279069767442,0.185185185185185,86,0,0.822758141916765
"lnpois",5,4e+07,2,"TOX_exact_n0_k30_70",0.2,0.0918918918918919,0.366013071895425,185,0,0.822758141916765
"lnpois",5,4e+07,2,"TOX_exact_n0_k40_70",0.01,0.0175438596491228,0.122004357298475,57,0,0.822763849261755
"lnpois",5,4e+07,2,"TOX_exact_n0_k40_70",0.05,0.0144927536231884,0.148148148148148,69,0,0.822763849261755
"lnpois",5,4e+07,2,"TOX_exact_n0_k40_70",0.1,0.0116279069767442,0.185185185185185,86,0,0.822763849261755
"lnpois",5,4e+07,2,"TOX_exact_n0_k40_70",0.2,0.0918918918918919,0.366013071895425,185,0,0.822763849261755
"lnpois",5,4e+07,2,"TOX_exact_n1_k20_50",0.01,0.0185185185185185,0.34640522875817,162,0,0.831998852304808
"lnpois",5,4e+07,2,"TOX_exact_n1_k20_50",0.05,0.0940594059405941,0.398692810457516,202,0,0.831998852304808
"lnpois",5,4e+07,2,"TOX_exact_n1_k20_50",0.1,0.134782608695652,0.433551198257081,230,0,0.831998852304808
"lnpois",5,4e+07,2,"TOX_exact_n1_k20_50",0.2,0.201413427561837,0.492374727668845,283,0,0.831998852304808
"lnpois",5,4e+07,2,"TOX_exact_n1_k30_70",0.01,0.0248447204968944,0.342047930283224,161,0,0.831922581421762
"lnpois",5,4e+07,2,"TOX_exact_n1_k30_70",0.05,0.0895522388059701,0.398692810457516,201,0,0.831922581421762
"lnpois",5,4e+07,2,"TOX_exact_n1_k30_70",0.1,0.134782608695652,0.433551198257081,230,0,0.831922581421762
"lnpois",5,4e+07,2,"TOX_exact_n1_k30_70",0.2,0.2,0.4880174291939,280,0,0.831922581421762
"lnpois",5,4e+07,2,"TOX_exact_n1_k40_70",0.01,0.0248447204968944,0.342047930283224,161,0,0.831929326465841
"lnpois",5,4e+07,2,"TOX_exact_n1_k40_70",0.05,0.0895522388059701,0.398692810457516,201,0,0.831929326465841
"lnpois",5,4e+07,2,"TOX_exact_n1_k40_70",0.1,0.134782608695652,0.433551198257081,230,0,0.831929326465841
"lnpois",5,4e+07,2,"TOX_exact_n1_k40_70",0.2,0.2,0.4880174291939,280,0,0.831929326465841
"lnpois",5,4e+07,2,"TOX_bootstrap_n0_k20_50",0.01,NA,0,0,1,0.822758141916765
"lnpois",5,4e+07,2,"TOX_bootstrap_n0_k20_50",0.05,0.0087719298245614,0.246187363834423,114,0,0.822758141916765
"lnpois",5,4e+07,2,"TOX_bootstrap_n0_k20_50",0.1,0.0496894409937888,0.333333333333333,161,0,0.822758141916765
"lnpois",5,4e+07,2,"TOX_bootstrap_n0_k20_50",0.2,0.137777777777778,0.422657952069717,225,0,0.822758141916765
"lnpois",5,4e+07,2,"TOX_bootstrap_n0_k30_70",0.01,NA,0,0,1,0.8229420740803
"lnpois",5,4e+07,2,"TOX_bootstrap_n0_k30_70",0.05,0.0258620689655172,0.246187363834423,116,0,0.8229420740803
"lnpois",5,4e+07,2,"TOX_bootstrap_n0_k30_70",0.1,0.0532544378698225,0.348583877995643,169,0,0.8229420740803
"lnpois",5,4e+07,2,"TOX_bootstrap_n0_k30_70",0.2,0.122727272727273,0.420479302832244,220,0,0.8229420740803
"lnpois",5,4e+07,2,"TOX_bootstrap_n0_k40_70",0.01,NA,0,0,1,0.822949078549151
"lnpois",5,4e+07,2,"TOX_bootstrap_n0_k40_70",0.05,0.0258620689655172,0.246187363834423,116,0,0.822949078549151
"lnpois",5,4e+07,2,"TOX_bootstrap_n0_k40_70",0.1,0.0532544378698225,0.348583877995643,169,0,0.822949078549151
"lnpois",5,4e+07,2,"TOX_bootstrap_n0_k40_70",0.2,0.122727272727273,0.420479302832244,220,0,0.822949078549151
"lnpois",5,4e+07,2,"TOX_bootstrap_n1_k20_50",0.01,0.02,0.320261437908497,150,0,0.832160473937928
"lnpois",5,4e+07,2,"TOX_bootstrap_n1_k20_50",0.05,0.0904522613065327,0.394335511982571,199,0,0.832160473937928
"lnpois",5,4e+07,2,"TOX_bootstrap_n1_k20_50",0.1,0.130434782608696,0.435729847494553,230,0,0.832160473937928
"lnpois",5,4e+07,2,"TOX_bootstrap_n1_k20_50",0.2,0.202846975088968,0.4880174291939,281,0,0.832160473937928
"lnpois",5,4e+07,2,"TOX_bootstrap_n1_k30_70",0.01,0.0258064516129032,0.328976034858388,155,0,0.832098471417357
"lnpois",5,4e+07,2,"TOX_bootstrap_n1_k30_70",0.05,0.08,0.400871459694989,200,0,0.832098471417357
"lnpois",5,4e+07,2,"TOX_bootstrap_n1_k30_70",0.1,0.122270742358079,0.437908496732026,229,0,0.832098471417357
"lnpois",5,4e+07,2,"TOX_bootstrap_n1_k30_70",0.2,0.191335740072202,0.4880174291939,277,0,0.832098471417357
"lnpois",5,4e+07,2,"TOX_bootstrap_n1_k40_70",0.01,0.0258064516129032,0.328976034858388,155,0,0.83210573531098
"lnpois",5,4e+07,2,"TOX_bootstrap_n1_k40_70",0.05,0.08,0.400871459694989,200,0,0.83210573531098
"lnpois",5,4e+07,2,"TOX_bootstrap_n1_k40_70",0.1,0.122270742358079,0.437908496732026,229,0,0.83210573531098
"lnpois",5,4e+07,2,"TOX_bootstrap_n1_k40_70",0.2,0.191335740072202,0.4880174291939,277,0,0.83210573531098
"tpois",3,4e+07,1,"edgeR",0.01,NA,0,0,1,0.685326363053524
"tpois",3,4e+07,1,"edgeR",0.05,NA,0,0,1,0.685326363053524
"tpois",3,4e+07,1,"edgeR",0.1,NA,0,0,1,0.685326363053524
"tpois",3,4e+07,1,"edgeR",0.2,NA,0,0,1,0.685326363053524
"tpois",3,4e+07,1,"limma",0.01,NA,0,0,1,0.668818535353871
"tpois",3,4e+07,1,"limma",0.05,NA,0,0,1,0.668818535353871
"tpois",3,4e+07,1,"limma",0.1,NA,0,0,1,0.668818535353871
"tpois",3,4e+07,1,"limma",0.2,NA,0,0,1,0.668818535353871
"tpois",3,4e+07,1,"DESeq2",0.01,0.25,0.0202702702702703,12,0,0.682093730607947
"tpois",3,4e+07,1,"DESeq2",0.05,0.157894736842105,0.0720720720720721,38,0,0.682093730607947
"tpois",3,4e+07,1,"DESeq2",0.1,0.344262295081967,0.0900900900900901,61,0,0.682093730607947
"tpois",3,4e+07,1,"DESeq2",0.2,0.461538461538462,0.126126126126126,104,0,0.682093730607947
"tpois",3,4e+07,1,"TOX_exact_n0_k20_50",0.01,NA,0,0,1,0.688150136100148
"tpois",3,4e+07,1,"TOX_exact_n0_k20_50",0.05,0.565217391304348,0.0225225225225225,23,0,0.688150136100148
"tpois",3,4e+07,1,"TOX_exact_n0_k20_50",0.1,0.565217391304348,0.0225225225225225,23,0,0.688150136100148
"tpois",3,4e+07,1,"TOX_exact_n0_k20_50",0.2,0.583333333333333,0.0225225225225225,24,0,0.688150136100148
"tpois",3,4e+07,1,"TOX_exact_n0_k30_70",0.01,NA,0,0,1,0.688249410454532
"tpois",3,4e+07,1,"TOX_exact_n0_k30_70",0.05,0.571428571428571,0.0135135135135135,14,0,0.688249410454532
"tpois",3,4e+07,1,"TOX_exact_n0_k30_70",0.1,0.571428571428571,0.0135135135135135,14,0,0.688249410454532
"tpois",3,4e+07,1,"TOX_exact_n0_k30_70",0.2,0.6,0.0135135135135135,15,0,0.688249410454532
"tpois",3,4e+07,1,"TOX_exact_n0_k40_70",0.01,NA,0,0,1,0.688176757156073
"tpois",3,4e+07,1,"TOX_exact_n0_k40_70",0.05,0.555555555555556,0.00900900900900901,9,0,0.688176757156073
"tpois",3,4e+07,1,"TOX_exact_n0_k40_70",0.1,0.555555555555556,0.00900900900900901,9,0,0.688176757156073
"tpois",3,4e+07,1,"TOX_exact_n0_k40_70",0.2,0.555555555555556,0.00900900900900901,9,0,0.688176757156073
"tpois",3,4e+07,1,"TOX_exact_n1_k20_50",0.01,0.515789473684211,0.103603603603604,95,0,0.670078875970282
"tpois",3,4e+07,1,"TOX_exact_n1_k20_50",0.05,0.526315789473684,0.121621621621622,114,0,0.670078875970282
"tpois",3,4e+07,1,"TOX_exact_n1_k20_50",0.1,0.511450381679389,0.144144144144144,131,0,0.670078875970282
"tpois",3,4e+07,1,"TOX_exact_n1_k20_50",0.2,0.531791907514451,0.182432432432432,173,0,0.670078875970282
"tpois",3,4e+07,1,"TOX_exact_n1_k30_70",0.01,0.522727272727273,0.0945945945945946,88,0,0.670086363142261
"tpois",3,4e+07,1,"TOX_exact_n1_k30_70",0.05,0.528301886792453,0.112612612612613,106,0,0.670086363142261
"tpois",3,4e+07,1,"TOX_exact_n1_k30_70",0.1,0.508333333333333,0.132882882882883,120,0,0.670086363142261
"tpois",3,4e+07,1,"TOX_exact_n1_k30_70",0.2,0.548192771084337,0.168918918918919,166,0,0.670086363142261
"tpois",3,4e+07,1,"TOX_exact_n1_k40_70",0.01,0.524390243902439,0.0878378378378378,82,0,0.670039498991728
"tpois",3,4e+07,1,"TOX_exact_n1_k40_70",0.05,0.528846153846154,0.11036036036036,104,0,0.670039498991728
"tpois",3,4e+07,1,"TOX_exact_n1_k40_70",0.1,0.512820512820513,0.128378378378378,117,0,0.670039498991728
"tpois",3,4e+07,1,"TOX_exact_n1_k40_70",0.2,0.54320987654321,0.166666666666667,162,0,0.670039498991728
"tpois",3,4e+07,1,"TOX_bootstrap_n0_k20_50",0.01,NA,0,0,1,0.688860030924793
"tpois",3,4e+07,1,"TOX_bootstrap_n0_k20_50",0.05,NA,0,0,1,0.688860030924793
"tpois",3,4e+07,1,"TOX_bootstrap_n0_k20_50",0.1,NA,0,0,1,0.688860030924793
"tpois",3,4e+07,1,"TOX_bootstrap_n0_k20_50",0.2,NA,0,0,1,0.688860030924793
"tpois",3,4e+07,1,"TOX_bootstrap_n0_k30_70",0.01,NA,0,0,1,0.688423833831369
"tpois",3,4e+07,1,"TOX_bootstrap_n0_k30_70",0.05,NA,0,0,1,0.688423833831369
"tpois",3,4e+07,1,"TOX_bootstrap_n0_k30_70",0.1,NA,0,0,1,0.688423833831369
"tpois",3,4e+07,1,"TOX_bootstrap_n0_k30_70",0.2,NA,0,0,1,0.688423833831369
"tpois",3,4e+07,1,"TOX_bootstrap_n0_k40_70",0.01,NA,0,0,1,0.68843381672734
"tpois",3,4e+07,1,"TOX_bootstrap_n0_k40_70",0.05,NA,0,0,1,0.68843381672734
"tpois",3,4e+07,1,"TOX_bootstrap_n0_k40_70",0.1,NA,0,0,1,0.68843381672734
"tpois",3,4e+07,1,"TOX_bootstrap_n0_k40_70",0.2,NA,0,0,1,0.68843381672734
"tpois",3,4e+07,1,"TOX_bootstrap_n1_k20_50",0.01,0.569230769230769,0.0630630630630631,65,0,0.672009457130117
"tpois",3,4e+07,1,"TOX_bootstrap_n1_k20_50",0.05,0.521739130434783,0.0990990990990991,92,0,0.672009457130117
"tpois",3,4e+07,1,"TOX_bootstrap_n1_k20_50",0.1,0.538461538461538,0.108108108108108,104,0,0.672009457130117
"tpois",3,4e+07,1,"TOX_bootstrap_n1_k20_50",0.2,0.528,0.132882882882883,125,0,0.672009457130117
"tpois",3,4e+07,1,"TOX_bootstrap_n1_k30_70",0.01,0.6,0.0585585585585586,65,0,0.671527505096823
"tpois",3,4e+07,1,"TOX_bootstrap_n1_k30_70",0.05,0.5,0.0968468468468468,86,0,0.671527505096823
"tpois",3,4e+07,1,"TOX_bootstrap_n1_k30_70",0.1,0.524752475247525,0.108108108108108,101,0,0.671527505096823
"tpois",3,4e+07,1,"TOX_bootstrap_n1_k30_70",0.2,0.521008403361345,0.128378378378378,119,0,0.671527505096823
"tpois",3,4e+07,1,"TOX_bootstrap_n1_k40_70",0.01,0.612903225806452,0.0540540540540541,62,0,0.671446532718387
"tpois",3,4e+07,1,"TOX_bootstrap_n1_k40_70",0.05,0.5,0.0945945945945946,84,0,0.671446532718387
"tpois",3,4e+07,1,"TOX_bootstrap_n1_k40_70",0.1,0.52,0.108108108108108,100,0,0.671446532718387
"tpois",3,4e+07,1,"TOX_bootstrap_n1_k40_70",0.2,0.521008403361345,0.128378378378378,119,0,0.671446532718387
"tpois",3,4e+07,2,"edgeR",0.01,NA,0,0,1,0.721031308015945
"tpois",3,4e+07,2,"edgeR",0.05,NA,0,0,1,0.721031308015945
"tpois",3,4e+07,2,"edgeR",0.1,0,0.0152505446623094,7,0,0.721031308015945
"tpois",3,4e+07,2,"edgeR",0.2,0.0816326530612245,0.0980392156862745,49,0,0.721031308015945
"tpois",3,4e+07,2,"limma",0.01,NA,0,0,1,0.726662950487972
"tpois",3,4e+07,2,"limma",0.05,NA,0,0,1,0.726662950487972
"tpois",3,4e+07,2,"limma",0.1,NA,0,0,1,0.726662950487972
"tpois",3,4e+07,2,"limma",0.2,0,0.0522875816993464,24,0,0.726662950487972
"tpois",3,4e+07,2,"DESeq2",0.01,0.181818181818182,0.156862745098039,88,0,0.725457556935818
"tpois",3,4e+07,2,"DESeq2",0.05,0.329608938547486,0.261437908496732,179,0,0.725457556935818
"tpois",3,4e+07,2,"DESeq2",0.1,0.483018867924528,0.298474945533769,265,0,0.725457556935818
"tpois",3,4e+07,2,"DESeq2",0.2,0.581730769230769,0.379084967320261,416,0,0.725457556935818
"tpois",3,4e+07,2,"TOX_exact_n0_k20_50",0.01,NA,0,0,1,0.722948614091686
"tpois",3,4e+07,2,"TOX_exact_n0_k20_50",0.05,NA,0,0,1,0.722948614091686
"tpois",3,4e+07,2,"TOX_exact_n0_k20_50",0.1,0,0.0196078431372549,9,0,0.722948614091686
"tpois",3,4e+07,2,"TOX_exact_n0_k20_50",0.2,0,0.0196078431372549,9,0,0.722948614091686
"tpois",3,4e+07,2,"TOX_exact_n0_k30_70",0.01,NA,0,0,1,0.723019147794953
"tpois",3,4e+07,2,"TOX_exact_n0_k30_70",0.05,NA,0,0,1,0.723019147794953
"tpois",3,4e+07,2,"TOX_exact_n0_k30_70",0.1,NA,0,0,1,0.723019147794953
"tpois",3,4e+07,2,"TOX_exact_n0_k30_70",0.2,0,0.00217864923747277,1,0,0.723019147794953
"tpois",3,4e+07,2,"TOX_exact_n0_k40_70",0.01,NA,0,0,1,0.722430928291963
"tpois",3,4e+07,2,"TOX_exact_n0_k40_70",0.05,NA,0,0,1,0.722430928291963
"tpois",3,4e+07,2,"TOX_exact_n0_k40_70",0.1,NA,0,0,1,0.722430928291963
"tpois",3,4e+07,2,"TOX_exact_n0_k40_70",0.2,0,0.00217864923747277,1,0,0.722430928291963
"tpois",3,4e+07,2,"TOX_exact_n1_k20_50",0.01,0.0476190476190476,0.0435729847494553,21,0,0.720663901113853
"tpois",3,4e+07,2,"TOX_exact_n1_k20_50",0.05,0.0579710144927536,0.14161220043573,69,0,0.720663901113853
"tpois",3,4e+07,2,"TOX_exact_n1_k20_50",0.1,0.136842105263158,0.178649237472767,95,0,0.720663901113853
"tpois",3,4e+07,2,"TOX_exact_n1_k20_50",0.2,0.291925465838509,0.248366013071895,161,0,0.720663901113853
"tpois",3,4e+07,2,"TOX_exact_n1_k30_70",0.01,0.0294117647058824,0.0718954248366013,34,0,0.720889451053031
"tpois",3,4e+07,2,"TOX_exact_n1_k30_70",0.05,0.0408163265306122,0.10239651416122,49,0,0.720889451053031
"tpois",3,4e+07,2,"TOX_exact_n1_k30_70",0.1,0.0547945205479452,0.150326797385621,73,0,0.720889451053031
"tpois",3,4e+07,2,"TOX_exact_n1_k30_70",0.2,0.265734265734266,0.228758169934641,143,0,0.720889451053031
"tpois",3,4e+07,2,"TOX_exact_n1_k40_70",0.01,0,0.0522875816993464,24,0,0.720831550251842
"tpois",3,4e+07,2,"TOX_exact_n1_k40_70",0.05,0.0222222222222222,0.0958605664488017,45,0,0.720831550251842
"tpois",3,4e+07,2,"TOX_exact_n1_k40_70",0.1,0.0625,0.130718954248366,64,0,0.720831550251842
"tpois",3,4e+07,2,"TOX_exact_n1_k40_70",0.2,0.25,0.222222222222222,136,0,0.720831550251842
"tpois",3,4e+07,2,"TOX_bootstrap_n0_k20_50",0.01,NA,0,0,1,0.722222748593142
"tpois",3,4e+07,2,"TOX_bootstrap_n0_k20_50",0.05,NA,0,0,1,0.722222748593142
"tpois",3,4e+07,2,"TOX_bootstrap_n0_k20_50",0.1,NA,0,0,1,0.722222748593142
"tpois",3,4e+07,2,"TOX_bootstrap_n0_k20_50",0.2,NA,0,0,1,0.722222748593142
"tpois",3,4e+07,2,"TOX_bootstrap_n0_k30_70",0.01,NA,0,0,1,0.722384344465552
"tpois",3,4e+07,2,"TOX_bootstrap_n0_k30_70",0.05,NA,0,0,1,0.722384344465552
"tpois",3,4e+07,2,"TOX_bootstrap_n0_k30_70",0.1,NA,0,0,1,0.722384344465552
"tpois",3,4e+07,2,"TOX_bootstrap_n0_k30_70",0.2,NA,0,0,1,0.722384344465552
"tpois",3,4e+07,2,"TOX_bootstrap_n0_k40_70",0.01,NA,0,0,1,0.721889818986304
"tpois",3,4e+07,2,"TOX_bootstrap_n0_k40_70",0.05,NA,0,0,1,0.721889818986304
"tpois",3,4e+07,2,"TOX_bootstrap_n0_k40_70",0.1,NA,0,0,1,0.721889818986304
"tpois",3,4e+07,2,"TOX_bootstrap_n0_k40_70",0.2,NA,0,0,1,0.721889818986304
"tpois",3,4e+07,2,"TOX_bootstrap_n1_k20_50",0.01,NA,0,0,1,0.719711959305211
"tpois",3,4e+07,2,"TOX_bootstrap_n1_k20_50",0.05,0.116883116883117,0.148148148148148,77,0,0.719711959305211
"tpois",3,4e+07,2,"TOX_bootstrap_n1_k20_50",0.1,0.223140495867769,0.20479302832244,121,0,0.719711959305211
"tpois",3,4e+07,2,"TOX_bootstrap_n1_k20_50",0.2,0.361256544502618,0.265795206971678,191,0,0.719711959305211
"tpois",3,4e+07,2,"TOX_bootstrap_n1_k30_70",0.01,NA,0,0,1,0.719946457550028
"tpois",3,4e+07,2,"TOX_bootstrap_n1_k30_70",0.05,0.12,0.143790849673203,75,0,0.719946457550028
"tpois",3,4e+07,2,"TOX_bootstrap_n1_k30_70",0.1,0.203703703703704,0.187363834422658,108,0,0.719946457550028
"tpois",3,4e+07,2,"TOX_bootstrap_n1_k30_70",0.2,0.315151515151515,0.246187363834423,165,0,0.719946457550028
"tpois",3,4e+07,2,"TOX_bootstrap_n1_k40_70",0.01,NA,0,0,1,0.719918559891273
"tpois",3,4e+07,2,"TOX_bootstrap_n1_k40_70",0.05,0.115942028985507,0.132897603485839,69,0,0.719918559891273
"tpois",3,4e+07,2,"TOX_bootstrap_n1_k40_70",0.1,0.2,0.16557734204793,95,0,0.719918559891273
"tpois",3,4e+07,2,"TOX_bootstrap_n1_k40_70",0.2,0.304878048780488,0.248366013071895,164,0,0.719918559891273
"tpois",5,4e+07,1,"edgeR",0.01,1,0,1,0,0.510327224930841
"tpois",5,4e+07,1,"edgeR",0.05,0.840909090909091,0.0192307692307692,44,0,0.510327224930841
"tpois",5,4e+07,1,"edgeR",0.1,0.85,0.0412087912087912,100,0,0.510327224930841
"tpois",5,4e+07,1,"edgeR",0.2,0.870588235294118,0.120879120879121,340,0,0.510327224930841
"tpois",5,4e+07,1,"limma",0.01,0.889145496535797,0.395604395604396,1299,0,0.561472741444925
"tpois",5,4e+07,1,"limma",0.05,0.885254691689008,0.587912087912088,1865,0,0.561472741444925
"tpois",5,4e+07,1,"limma",0.1,0.890232558139535,0.648351648351648,2150,0,0.561472741444925
"tpois",5,4e+07,1,"limma",0.2,0.89557592666401,0.71978021978022,2509,0,0.561472741444925
"tpois",5,4e+07,1,"DESeq2",0.01,0.452380952380952,0.0631868131868132,42,0,0.625908780202283
"tpois",5,4e+07,1,"DESeq2",0.05,0.787341772151899,0.230769230769231,395,0,0.625908780202283
"tpois",5,4e+07,1,"DESeq2",0.1,0.81505728314239,0.31043956043956,611,0,0.625908780202283
"tpois",5,4e+07,1,"DESeq2",0.2,0.844097995545657,0.384615384615385,898,0,0.625908780202283
"tpois",5,4e+07,1,"TOX_exact_n0_k20_50",0.01,NA,0,0,1,0.497033807638815
"tpois",5,4e+07,1,"TOX_exact_n0_k20_50",0.05,NA,0,0,1,0.497033807638815
"tpois",5,4e+07,1,"TOX_exact_n0_k20_50",0.1,NA,0,0,1,0.497033807638815
"tpois",5,4e+07,1,"TOX_exact_n0_k20_50",0.2,0.921443736730361,0.406593406593407,1884,0,0.497033807638815
"tpois",5,4e+07,1,"TOX_exact_n0_k30_70",0.01,NA,0,0,1,0.492211786822357
"tpois",5,4e+07,1,"TOX_exact_n0_k30_70",0.05,NA,0,0,1,0.492211786822357
"tpois",5,4e+07,1,"TOX_exact_n0_k30_70",0.1,NA,0,0,1,0.492211786822357
"tpois",5,4e+07,1,"TOX_exact_n0_k30_70",0.2,0.921734531993654,0.406593406593407,1891,0,0.492211786822357
"tpois",5,4e+07,1,"TOX_exact_n0_k40_70",0.01,NA,0,0,1,0.492211786822357
"tpois",5,4e+07,1,"TOX_exact_n0_k40_70",0.05,NA,0,0,1,0.492211786822357
"tpois",5,4e+07,1,"TOX_exact_n0_k40_70",0.1,NA,0,0,1,0.492211786822357
"tpois",5,4e+07,1,"TOX_exact_n0_k40_70",0.2,0.921734531993654,0.406593406593407,1891,0,0.492211786822357
"tpois",5,4e+07,1,"TOX_exact_n1_k20_50",0.01,0.920838183934808,0.373626373626374,1718,0,0.440228339115683
"tpois",5,4e+07,1,"TOX_exact_n1_k20_50",0.05,0.922222222222222,0.384615384615385,1800,0,0.440228339115683
"tpois",5,4e+07,1,"TOX_exact_n1_k20_50",0.1,0.920619554695063,0.450549450549451,2066,0,0.440228339115683
"tpois",5,4e+07,1,"TOX_exact_n1_k20_50",0.2,0.922354948805461,0.5,2344,0,0.440228339115683
"tpois",5,4e+07,1,"TOX_exact_n1_k30_70",0.01,0.920653442240373,0.373626373626374,1714,0,0.440758302893212
"tpois",5,4e+07,1,"TOX_exact_n1_k30_70",0.05,0.922651933701657,0.384615384615385,1810,0,0.440758302893212
"tpois",5,4e+07,1,"TOX_exact_n1_k30_70",0.1,0.920542635658915,0.450549450549451,2064,0,0.440758302893212
"tpois",5,4e+07,1,"TOX_exact_n1_k30_70",0.2,0.922388059701493,0.5,2345,0,0.440758302893212
"tpois",5,4e+07,1,"TOX_exact_n1_k40_70",0.01,0.920653442240373,0.373626373626374,1714,0,0.440844656039371
"tpois",5,4e+07,1,"TOX_exact_n1_k40_70",0.05,0.922694643843181,0.384615384615385,1811,0,0.440844656039371
"tpois",5,4e+07,1,"TOX_exact_n1_k40_70",0.1,0.920542635658915,0.450549450549451,2064,0,0.440844656039371
"tpois",5,4e+07,1,"TOX_exact_n1_k40_70",0.2,0.922388059701493,0.5,2345,0,0.440844656039371
"tpois",5,4e+07,1,"TOX_bootstrap_n0_k20_50",0.01,NA,0,0,1,0.490377355606841
"tpois",5,4e+07,1,"TOX_bootstrap_n0_k20_50",0.05,NA,0,0,1,0.490377355606841
"tpois",5,4e+07,1,"TOX_bootstrap_n0_k20_50",0.1,0.92038027332145,0.368131868131868,1683,0,0.490377355606841
"tpois",5,4e+07,1,"TOX_bootstrap_n0_k20_50",0.2,0.921066666666667,0.406593406593407,1875,0,0.490377355606841
"tpois",5,4e+07,1,"TOX_bootstrap_n0_k30_70",0.01,NA,0,0,1,0.485631371410231
"tpois",5,4e+07,1,"TOX_bootstrap_n0_k30_70",0.05,NA,0,0,1,0.485631371410231
"tpois",5,4e+07,1,"TOX_bootstrap_n0_k30_70",0.1,0.920256111757858,0.376373626373626,1718,0,0.485631371410231
"tpois",5,4e+07,1,"TOX_bootstrap_n0_k30_70",0.2,0.920912951167728,0.409340659340659,1884,0,0.485631371410231
"tpois",5,4e+07,1,"TOX_bootstrap_n0_k40_70",0.01,NA,0,0,1,0.485631371410231
"tpois",5,4e+07,1,"TOX_bootstrap_n0_k40_70",0.05,NA,0,0,1,0.485631371410231
"tpois",5,4e+07,1,"TOX_bootstrap_n0_k40_70",0.1,0.920256111757858,0.376373626373626,1718,0,0.485631371410231
"tpois",5,4e+07,1,"TOX_bootstrap_n0_k40_70",0.2,0.920912951167728,0.409340659340659,1884,0,0.485631371410231
"tpois",5,4e+07,1,"TOX_bootstrap_n1_k20_50",0.01,0.920970752955818,0.348901098901099,1607,0,0.438963609408672
"tpois",5,4e+07,1,"TOX_bootstrap_n1_k20_50",0.05,0.922700054436581,0.39010989010989,1837,0,0.438963609408672
"tpois",5,4e+07,1,"TOX_bootstrap_n1_k20_50",0.1,0.919540229885057,0.442307692307692,2001,0,0.438963609408672
"tpois",5,4e+07,1,"TOX_bootstrap_n1_k20_50",0.2,0.920669898633759,0.494505494505495,2269,0,0.438963609408672
"tpois",5,4e+07,1,"TOX_bootstrap_n1_k30_70",0.01,0.920298879202989,0.351648351648352,1606,0,0.438933424016873
"tpois",5,4e+07,1,"TOX_bootstrap_n1_k30_70",0.05,0.922198041349293,0.392857142857143,1838,0,0.438933424016873
"tpois",5,4e+07,1,"TOX_bootstrap_n1_k30_70",0.1,0.920279023418037,0.43956043956044,2007,0,0.438933424016873
"tpois",5,4e+07,1,"TOX_bootstrap_n1_k30_70",0.2,0.920739762219287,0.494505494505495,2271,0,0.438933424016873
"tpois",5,4e+07,1,"TOX_bootstrap_n1_k40_70",0.01,0.920298879202989,0.351648351648352,1606,0,0.438933424016873
"tpois",5,4e+07,1,"TOX_bootstrap_n1_k40_70",0.05,0.922198041349293,0.392857142857143,1838,0,0.438933424016873
"tpois",5,4e+07,1,"TOX_bootstrap_n1_k40_70",0.1,0.920279023418037,0.43956043956044,2007,0,0.438933424016873
"tpois",5,4e+07,1,"TOX_bootstrap_n1_k40_70",0.2,0.920739762219287,0.494505494505495,2271,0,0.438933424016873
"tpois",5,4e+07,2,"edgeR",0.01,NA,0,0,1,0.712316994312938
"tpois",5,4e+07,2,"edgeR",0.05,0.155555555555556,0.0853932584269663,45,0,0.712316994312938
"tpois",5,4e+07,2,"edgeR",0.1,0.4,0.168539325842697,125,0,0.712316994312938
"tpois",5,4e+07,2,"edgeR",0.2,0.561068702290076,0.258426966292135,262,0,0.712316994312938
"tpois",5,4e+07,2,"limma",0.01,NA,0,0,1,0.724027147570701
"tpois",5,4e+07,2,"limma",0.05,0.0333333333333333,0.0651685393258427,30,0,0.724027147570701
"tpois",5,4e+07,2,"limma",0.1,0.0508474576271186,0.125842696629213,59,0,0.724027147570701
"tpois",5,4e+07,2,"limma",0.2,0.198198198198198,0.2,111,0,0.724027147570701
"tpois",5,4e+07,2,"DESeq2",0.01,0.0517241379310345,0.123595505617978,58,0,0.73362501695835
"tpois",5,4e+07,2,"DESeq2",0.05,0.119565217391304,0.182022471910112,92,0,0.73362501695835
"tpois",5,4e+07,2,"DESeq2",0.1,0.165217391304348,0.215730337078652,115,0,0.73362501695835
"tpois",5,4e+07,2,"DESeq2",0.2,0.398989898989899,0.267415730337079,198,0,0.73362501695835
"tpois",5,4e+07,2,"TOX_exact_n0_k20_50",0.01,NA,0,0,1,0.542048889945119
"tpois",5,4e+07,2,"TOX_exact_n0_k20_50",0.05,1,0,2,0,0.542048889945119
"tpois",5,4e+07,2,"TOX_exact_n0_k20_50",0.1,1,0,3,0,0.542048889945119
"tpois",5,4e+07,2,"TOX_exact_n0_k20_50",0.2,1,0,3,0,0.542048889945119
"tpois",5,4e+07,2,"TOX_exact_n0_k30_70",0.01,NA,0,0,1,0.541258835948424
"tpois",5,4e+07,2,"TOX_exact_n0_k30_70",0.05,1,0,1,0,0.541258835948424
"tpois",5,4e+07,2,"TOX_exact_n0_k30_70",0.1,1,0,1,0,0.541258835948424
"tpois",5,4e+07,2,"TOX_exact_n0_k30_70",0.2,1,0,1,0,0.541258835948424
"tpois",5,4e+07,2,"TOX_exact_n0_k40_70",0.01,NA,0,0,1,0.541390373444901
"tpois",5,4e+07,2,"TOX_exact_n0_k40_70",0.05,1,0,1,0,0.541390373444901
"tpois",5,4e+07,2,"TOX_exact_n0_k40_70",0.1,1,0,1,0,0.541390373444901
"tpois",5,4e+07,2,"TOX_exact_n0_k40_70",0.2,1,0,1,0,0.541390373444901
"tpois",5,4e+07,2,"TOX_exact_n1_k20_50",0.01,0.91304347826087,0.0179775280898876,92,0,0.413867810342826
"tpois",5,4e+07,2,"TOX_exact_n1_k20_50",0.05,0.907514450867052,0.0359550561797753,173,0,0.413867810342826
"tpois",5,4e+07,2,"TOX_exact_n1_k20_50",0.1,0.925595238095238,0.0561797752808989,336,0,0.413867810342826
"tpois",5,4e+07,2,"TOX_exact_n1_k20_50",0.2,0.913260219341974,0.195505617977528,1003,0,0.413867810342826
"tpois",5,4e+07,2,"TOX_exact_n1_k30_70",0.01,0.921348314606742,0.0157303370786517,89,0,0.412724594748448
"tpois",5,4e+07,2,"TOX_exact_n1_k30_70",0.05,0.91875,0.0292134831460674,160,0,0.412724594748448
"tpois",5,4e+07,2,"TOX_exact_n1_k30_70",0.1,0.935810810810811,0.0426966292134831,296,0,0.412724594748448
"tpois",5,4e+07,2,"TOX_exact_n1_k30_70",0.2,0.911764705882353,0.195505617977528,986,0,0.412724594748448
"tpois",5,4e+07,2,"TOX_exact_n1_k40_70",0.01,0.920454545454545,0.0157303370786517,88,0,0.4127455965336
"tpois",5,4e+07,2,"TOX_exact_n1_k40_70",0.05,0.91875,0.0292134831460674,160,0,0.4127455965336
"tpois",5,4e+07,2,"TOX_exact_n1_k40_70",0.1,0.935810810810811,0.0426966292134831,296,0,0.4127455965336
"tpois",5,4e+07,2,"TOX_exact_n1_k40_70",0.2,0.912423625254583,0.193258426966292,982,0,0.4127455965336
"tpois",5,4e+07,2,"TOX_bootstrap_n0_k20_50",0.01,NA,0,0,1,0.534569214699039
"tpois",5,4e+07,2,"TOX_bootstrap_n0_k20_50",0.05,NA,0,0,1,0.534569214699039
"tpois",5,4e+07,2,"TOX_bootstrap_n0_k20_50",0.1,NA,0,0,1,0.534569214699039
"tpois",5,4e+07,2,"TOX_bootstrap_n0_k20_50",0.2,NA,0,0,1,0.534569214699039
"tpois",5,4e+07,2,"TOX_bootstrap_n0_k30_70",0.01,NA,0,0,1,0.53392396248418
"tpois",5,4e+07,2,"TOX_bootstrap_n0_k30_70",0.05,NA,0,0,1,0.53392396248418
"tpois",5,4e+07,2,"TOX_bootstrap_n0_k30_70",0.1,NA,0,0,1,0.53392396248418
"tpois",5,4e+07,2,"TOX_bootstrap_n0_k30_70",0.2,NA,0,0,1,0.53392396248418
"tpois",5,4e+07,2,"TOX_bootstrap_n0_k40_70",0.01,NA,0,0,1,0.534130664264357
"tpois",5,4e+07,2,"TOX_bootstrap_n0_k40_70",0.05,NA,0,0,1,0.534130664264357
"tpois",5,4e+07,2,"TOX_bootstrap_n0_k40_70",0.1,NA,0,0,1,0.534130664264357
"tpois",5,4e+07,2,"TOX_bootstrap_n0_k40_70",0.2,NA,0,0,1,0.534130664264357
"tpois",5,4e+07,2,"TOX_bootstrap_n1_k20_50",0.01,0.928571428571429,0.0112359550561798,70,0,0.412873541619459
"tpois",5,4e+07,2,"TOX_bootstrap_n1_k20_50",0.05,0.929577464788732,0.0224719101123595,142,0,0.412873541619459
"tpois",5,4e+07,2,"TOX_bootstrap_n1_k20_50",0.1,0.932584269662921,0.0404494382022472,267,0,0.412873541619459
"tpois",5,4e+07,2,"TOX_bootstrap_n1_k20_50",0.2,0.917177914110429,0.121348314606742,652,0,0.412873541619459
"tpois",5,4e+07,2,"TOX_bootstrap_n1_k30_70",0.01,0.918918918918919,0.0134831460674157,74,0,0.41207271039091
"tpois",5,4e+07,2,"TOX_bootstrap_n1_k30_70",0.05,0.928571428571429,0.0247191011235955,154,0,0.41207271039091
"tpois",5,4e+07,2,"TOX_bootstrap_n1_k30_70",0.1,0.930232558139535,0.0404494382022472,258,0,0.41207271039091
"tpois",5,4e+07,2,"TOX_bootstrap_n1_k30_70",0.2,0.911353032659409,0.128089887640449,643,0,0.41207271039091
"tpois",5,4e+07,2,"TOX_bootstrap_n1_k40_70",0.01,0.918918918918919,0.0134831460674157,74,0,0.412040931373904
"tpois",5,4e+07,2,"TOX_bootstrap_n1_k40_70",0.05,0.928571428571429,0.0247191011235955,154,0,0.412040931373904
"tpois",5,4e+07,2,"TOX_bootstrap_n1_k40_70",0.1,0.930232558139535,0.0404494382022472,258,0,0.412040931373904
"tpois",5,4e+07,2,"TOX_bootstrap_n1_k40_70",0.2,0.912087912087912,0.125842696629213,637,0,0.412040931373904
"bimodal",3,4e+07,1,"edgeR",0.01,0.0670731707317073,0.332608695652174,164,0,0.887026631213777
"bimodal",3,4e+07,1,"edgeR",0.05,0.0607734806629834,0.369565217391304,181,0,0.887026631213777
"bimodal",3,4e+07,1,"edgeR",0.1,0.0567010309278351,0.397826086956522,194,0,0.887026631213777
"bimodal",3,4e+07,1,"edgeR",0.2,0.053921568627451,0.419565217391304,204,0,0.887026631213777
"bimodal",3,4e+07,1,"limma",0.01,0.0564102564102564,0.4,195,0,0.811369679469868
"bimodal",3,4e+07,1,"limma",0.05,0.0528846153846154,0.428260869565217,208,0,0.811369679469868
"bimodal",3,4e+07,1,"limma",0.1,0.0506912442396313,0.447826086956522,217,0,0.811369679469868
"bimodal",3,4e+07,1,"limma",0.2,0.0575221238938053,0.46304347826087,226,0,0.811369679469868
"bimodal",3,4e+07,1,"DESeq2",0.01,0.305555555555556,0.0543478260869565,36,0,0.913904270945927
"bimodal",3,4e+07,1,"DESeq2",0.05,0.196428571428571,0.0978260869565217,56,0,0.913904270945927
"bimodal",3,4e+07,1,"DESeq2",0.1,0.159420289855072,0.126086956521739,69,0,0.913904270945927
"bimodal",3,4e+07,1,"DESeq2",0.2,0.142857142857143,0.143478260869565,77,0,0.913904270945927
"bimodal",3,4e+07,1,"TOX_exact_n0_k20_50",0.01,NA,0,0,1,0.81810953696587
"bimodal",3,4e+07,1,"TOX_exact_n0_k20_50",0.05,NA,0,0,1,0.81810953696587
"bimodal",3,4e+07,1,"TOX_exact_n0_k20_50",0.1,0.318181818181818,0.0326086956521739,22,0,0.81810953696587
"bimodal",3,4e+07,1,"TOX_exact_n0_k20_50",0.2,0.216216216216216,0.0630434782608696,37,0,0.81810953696587
"bimodal",3,4e+07,1,"TOX_exact_n0_k30_70",0.01,NA,0,0,1,0.819113400776917
"bimodal",3,4e+07,1,"TOX_exact_n0_k30_70",0.05,0.357142857142857,0.0195652173913043,14,0,0.819113400776917
"bimodal",3,4e+07,1,"TOX_exact_n0_k30_70",0.1,0.352941176470588,0.0239130434782609,17,0,0.819113400776917
"bimodal",3,4e+07,1,"TOX_exact_n0_k30_70",0.2,0.24,0.041304347826087,25,0,0.819113400776917
"bimodal",3,4e+07,1,"TOX_exact_n0_k40_70",0.01,NA,0,0,1,0.820349924177902
"bimodal",3,4e+07,1,"TOX_exact_n0_k40_70",0.05,0.5,0.0108695652173913,10,0,0.820349924177902
"bimodal",3,4e+07,1,"TOX_exact_n0_k40_70",0.1,0.5,0.0108695652173913,10,0,0.820349924177902
"bimodal",3,4e+07,1,"TOX_exact_n0_k40_70",0.2,0.461538461538462,0.0152173913043478,13,0,0.820349924177902
"bimodal",3,4e+07,1,"TOX_exact_n1_k20_50",0.01,NA,0,0,1,0.647815960032406
"bimodal",3,4e+07,1,"TOX_exact_n1_k20_50",0.05,NA,0,0,1,0.647815960032406
"bimodal",3,4e+07,1,"TOX_exact_n1_k20_50",0.1,0.785714285714286,0.00652173913043478,14,0,0.647815960032406
"bimodal",3,4e+07,1,"TOX_exact_n1_k20_50",0.2,0.785714285714286,0.00652173913043478,14,0,0.647815960032406
"bimodal",3,4e+07,1,"TOX_exact_n1_k30_70",0.01,NA,0,0,1,0.648126778703338
"bimodal",3,4e+07,1,"TOX_exact_n1_k30_70",0.05,0.833333333333333,0.00434782608695652,12,0,0.648126778703338
"bimodal",3,4e+07,1,"TOX_exact_n1_k30_70",0.1,0.833333333333333,0.00434782608695652,12,0,0.648126778703338
"bimodal",3,4e+07,1,"TOX_exact_n1_k30_70",0.2,0.833333333333333,0.00434782608695652,12,0,0.648126778703338
"bimodal",3,4e+07,1,"TOX_exact_n1_k40_70",0.01,NA,0,0,1,0.649997663017512
"bimodal",3,4e+07,1,"TOX_exact_n1_k40_70",0.05,0.8,0.00434782608695652,10,0,0.649997663017512
"bimodal",3,4e+07,1,"TOX_exact_n1_k40_70",0.1,0.818181818181818,0.00434782608695652,11,0,0.649997663017512
"bimodal",3,4e+07,1,"TOX_exact_n1_k40_70",0.2,0.833333333333333,0.00434782608695652,12,0,0.649997663017512
"bimodal",3,4e+07,1,"TOX_bootstrap_n0_k20_50",0.01,NA,0,0,1,0.829066349529488
"bimodal",3,4e+07,1,"TOX_bootstrap_n0_k20_50",0.05,NA,0,0,1,0.829066349529488
"bimodal",3,4e+07,1,"TOX_bootstrap_n0_k20_50",0.1,0.833333333333333,0.00217391304347826,6,0,0.829066349529488
"bimodal",3,4e+07,1,"TOX_bootstrap_n0_k20_50",0.2,0.461538461538462,0.0152173913043478,13,0,0.829066349529488
"bimodal",3,4e+07,1,"TOX_bootstrap_n0_k30_70",0.01,NA,0,0,1,0.83152615343069
"bimodal",3,4e+07,1,"TOX_bootstrap_n0_k30_70",0.05,NA,0,0,1,0.83152615343069
"bimodal",3,4e+07,1,"TOX_bootstrap_n0_k30_70",0.1,0.8,0.00217391304347826,5,0,0.83152615343069
"bimodal",3,4e+07,1,"TOX_bootstrap_n0_k30_70",0.2,0.857142857142857,0.00217391304347826,7,0,0.83152615343069
"bimodal",3,4e+07,1,"TOX_bootstrap_n0_k40_70",0.01,NA,0,0,1,0.833351336753983
"bimodal",3,4e+07,1,"TOX_bootstrap_n0_k40_70",0.05,NA,0,0,1,0.833351336753983
"bimodal",3,4e+07,1,"TOX_bootstrap_n0_k40_70",0.1,0.833333333333333,0.00217391304347826,6,0,0.833351336753983
"bimodal",3,4e+07,1,"TOX_bootstrap_n0_k40_70",0.2,0.714285714285714,0.00434782608695652,7,0,0.833351336753983
"bimodal",3,4e+07,1,"TOX_bootstrap_n1_k20_50",0.01,NA,0,0,1,0.665924718004113
"bimodal",3,4e+07,1,"TOX_bootstrap_n1_k20_50",0.05,NA,0,0,1,0.665924718004113
"bimodal",3,4e+07,1,"TOX_bootstrap_n1_k20_50",0.1,1,0,5,0,0.665924718004113
"bimodal",3,4e+07,1,"TOX_bootstrap_n1_k20_50",0.2,0.8,0.00652173913043478,15,0,0.665924718004113
"bimodal",3,4e+07,1,"TOX_bootstrap_n1_k30_70",0.01,NA,0,0,1,0.668900216041048
"bimodal",3,4e+07,1,"TOX_bootstrap_n1_k30_70",0.05,NA,0,0,1,0.668900216041048
"bimodal",3,4e+07,1,"TOX_bootstrap_n1_k30_70",0.1,1,0,7,0,0.668900216041048
"bimodal",3,4e+07,1,"TOX_bootstrap_n1_k30_70",0.2,0.833333333333333,0.00434782608695652,12,0,0.668900216041048
"bimodal",3,4e+07,1,"TOX_bootstrap_n1_k40_70",0.01,NA,0,0,1,0.671590861879142
"bimodal",3,4e+07,1,"TOX_bootstrap_n1_k40_70",0.05,NA,0,0,1,0.671590861879142
"bimodal",3,4e+07,1,"TOX_bootstrap_n1_k40_70",0.1,1,0,6,0,0.671590861879142
"bimodal",3,4e+07,1,"TOX_bootstrap_n1_k40_70",0.2,0.727272727272727,0.00652173913043478,11,0,0.671590861879142
"bimodal",3,4e+07,2,"edgeR",0.01,0.0387096774193548,0.323210412147505,155,0,0.854992894008527
"bimodal",3,4e+07,2,"edgeR",0.05,0.0338983050847458,0.370932754880694,177,0,0.854992894008527
"bimodal",3,4e+07,2,"edgeR",0.1,0.0319148936170213,0.394793926247288,188,0,0.854992894008527
"bimodal",3,4e+07,2,"edgeR",0.2,0.0309278350515464,0.407809110629067,194,0,0.854992894008527
"bimodal",3,4e+07,2,"limma",0.01,0.032967032967033,0.38177874186551,182,0,0.799613619774001
"bimodal",3,4e+07,2,"limma",0.05,0.0344827586206897,0.425162689804772,203,0,0.799613619774001
"bimodal",3,4e+07,2,"limma",0.1,0.0330188679245283,0.44468546637744,212,0,0.799613619774001
"bimodal",3,4e+07,2,"limma",0.2,0.0454545454545455,0.455531453362256,220,0,0.799613619774001
"bimodal",3,4e+07,2,"DESeq2",0.01,0.636363636363636,0.00867678958785249,11,0,0.882648010973937
"bimodal",3,4e+07,2,"DESeq2",0.05,0.636363636363636,0.00867678958785249,11,0,0.882648010973937
"bimodal",3,4e+07,2,"DESeq2",0.1,0.583333333333333,0.0108459869848156,12,0,0.882648010973937
"bimodal",3,4e+07,2,"DESeq2",0.2,0.5,0.0151843817787419,14,0,0.882648010973937
"bimodal",3,4e+07,2,"TOX_exact_n0_k20_50",0.01,NA,0,0,1,0.78117312052329
"bimodal",3,4e+07,2,"TOX_exact_n0_k20_50",0.05,NA,0,0,1,0.78117312052329
"bimodal",3,4e+07,2,"TOX_exact_n0_k20_50",0.1,0.166666666666667,0.0216919739696312,12,0,0.78117312052329
"bimodal",3,4e+07,2,"TOX_exact_n0_k20_50",0.2,0.166666666666667,0.0216919739696312,12,0,0.78117312052329
"bimodal",3,4e+07,2,"TOX_exact_n0_k30_70",0.01,NA,0,0,1,0.782834968184245
"bimodal",3,4e+07,2,"TOX_exact_n0_k30_70",0.05,0,0.0108459869848156,5,0,0.782834968184245
"bimodal",3,4e+07,2,"TOX_exact_n0_k30_70",0.1,0.111111111111111,0.017353579175705,9,0,0.782834968184245
"bimodal",3,4e+07,2,"TOX_exact_n0_k30_70",0.2,0.1,0.0195227765726681,10,0,0.782834968184245
"bimodal",3,4e+07,2,"TOX_exact_n0_k40_70",0.01,NA,0,0,1,0.783017583137521
"bimodal",3,4e+07,2,"TOX_exact_n0_k40_70",0.05,0.25,0.00650759219088937,4,0,0.783017583137521
"bimodal",3,4e+07,2,"TOX_exact_n0_k40_70",0.1,0.25,0.00650759219088937,4,0,0.783017583137521
"bimodal",3,4e+07,2,"TOX_exact_n0_k40_70",0.2,0.2,0.00867678958785249,5,0,0.783017583137521
"bimodal",3,4e+07,2,"TOX_exact_n1_k20_50",0.01,NA,0,0,1,0.668149940289037
"bimodal",3,4e+07,2,"TOX_exact_n1_k20_50",0.05,NA,0,0,1,0.668149940289037
"bimodal",3,4e+07,2,"TOX_exact_n1_k20_50",0.1,0.777777777777778,0.00433839479392625,9,0,0.668149940289037
"bimodal",3,4e+07,2,"TOX_exact_n1_k20_50",0.2,0.777777777777778,0.00433839479392625,9,0,0.668149940289037
"bimodal",3,4e+07,2,"TOX_exact_n1_k30_70",0.01,NA,0,0,1,0.664711465794517
"bimodal",3,4e+07,2,"TOX_exact_n1_k30_70",0.05,0.777777777777778,0.00433839479392625,9,0,0.664711465794517
"bimodal",3,4e+07,2,"TOX_exact_n1_k30_70",0.1,0.777777777777778,0.00433839479392625,9,0,0.664711465794517
"bimodal",3,4e+07,2,"TOX_exact_n1_k30_70",0.2,0.7,0.00650759219088937,10,0,0.664711465794517
"bimodal",3,4e+07,2,"TOX_exact_n1_k40_70",0.01,NA,0,0,1,0.665041617122473
"bimodal",3,4e+07,2,"TOX_exact_n1_k40_70",0.05,0.777777777777778,0.00433839479392625,9,0,0.665041617122473
"bimodal",3,4e+07,2,"TOX_exact_n1_k40_70",0.1,0.777777777777778,0.00433839479392625,9,0,0.665041617122473
"bimodal",3,4e+07,2,"TOX_exact_n1_k40_70",0.2,0.777777777777778,0.00433839479392625,9,0,0.665041617122473
"bimodal",3,4e+07,2,"TOX_bootstrap_n0_k20_50",0.01,NA,0,0,1,0.793264397048241
"bimodal",3,4e+07,2,"TOX_bootstrap_n0_k20_50",0.05,NA,0,0,1,0.793264397048241
"bimodal",3,4e+07,2,"TOX_bootstrap_n0_k20_50",0.1,NA,0,0,1,0.793264397048241
"bimodal",3,4e+07,2,"TOX_bootstrap_n0_k20_50",0.2,NA,0,0,1,0.793264397048241
"bimodal",3,4e+07,2,"TOX_bootstrap_n0_k30_70",0.01,NA,0,0,1,0.792614153690602
"bimodal",3,4e+07,2,"TOX_bootstrap_n0_k30_70",0.05,NA,0,0,1,0.792614153690602
"bimodal",3,4e+07,2,"TOX_bootstrap_n0_k30_70",0.1,NA,0,0,1,0.792614153690602
"bimodal",3,4e+07,2,"TOX_bootstrap_n0_k30_70",0.2,NA,0,0,1,0.792614153690602
"bimodal",3,4e+07,2,"TOX_bootstrap_n0_k40_70",0.01,NA,0,0,1,0.792132854957815
"bimodal",3,4e+07,2,"TOX_bootstrap_n0_k40_70",0.05,NA,0,0,1,0.792132854957815
"bimodal",3,4e+07,2,"TOX_bootstrap_n0_k40_70",0.1,NA,0,0,1,0.792132854957815
"bimodal",3,4e+07,2,"TOX_bootstrap_n0_k40_70",0.2,NA,0,0,1,0.792132854957815
"bimodal",3,4e+07,2,"TOX_bootstrap_n1_k20_50",0.01,NA,0,0,1,0.668937660723083
"bimodal",3,4e+07,2,"TOX_bootstrap_n1_k20_50",0.05,NA,0,0,1,0.668937660723083
"bimodal",3,4e+07,2,"TOX_bootstrap_n1_k20_50",0.1,NA,0,0,1,0.668937660723083
"bimodal",3,4e+07,2,"TOX_bootstrap_n1_k20_50",0.2,0.75,0.00650759219088937,12,0,0.668937660723083
"bimodal",3,4e+07,2,"TOX_bootstrap_n1_k30_70",0.01,NA,0,0,1,0.66688169491438
"bimodal",3,4e+07,2,"TOX_bootstrap_n1_k30_70",0.05,NA,0,0,1,0.66688169491438
"bimodal",3,4e+07,2,"TOX_bootstrap_n1_k30_70",0.1,NA,0,0,1,0.66688169491438
"bimodal",3,4e+07,2,"TOX_bootstrap_n1_k30_70",0.2,NA,0,0,1,0.66688169491438
"bimodal",3,4e+07,2,"TOX_bootstrap_n1_k40_70",0.01,NA,0,0,1,0.666114866869056
"bimodal",3,4e+07,2,"TOX_bootstrap_n1_k40_70",0.05,NA,0,0,1,0.666114866869056
"bimodal",3,4e+07,2,"TOX_bootstrap_n1_k40_70",0.1,NA,0,0,1,0.666114866869056
"bimodal",3,4e+07,2,"TOX_bootstrap_n1_k40_70",0.2,NA,0,0,1,0.666114866869056
"bimodal",5,4e+07,1,"edgeR",0.01,0,0.232104121475054,107,0,0.896049425167837
"bimodal",5,4e+07,1,"edgeR",0.05,0,0.247288503253796,114,0,0.896049425167837
"bimodal",5,4e+07,1,"edgeR",0.1,0,0.260303687635575,120,0,0.896049425167837
"bimodal",5,4e+07,1,"edgeR",0.2,0.00757575757575758,0.284164859002169,132,0,0.896049425167837
"bimodal",5,4e+07,1,"limma",0.01,0,0.299349240780911,138,0,0.716808036840323
"bimodal",5,4e+07,1,"limma",0.05,0.00684931506849315,0.314533622559653,146,0,0.716808036840323
"bimodal",5,4e+07,1,"limma",0.1,0.02,0.318872017353579,150,0,0.716808036840323
"bimodal",5,4e+07,1,"limma",0.2,0.0318471337579618,0.329718004338395,157,0,0.716808036840323
"bimodal",5,4e+07,1,"DESeq2",0.01,0,0.123644251626898,57,0,0.901915918365665
"bimodal",5,4e+07,1,"DESeq2",0.05,0,0.164859002169197,76,0,0.901915918365665
"bimodal",5,4e+07,1,"DESeq2",0.1,0,0.171366594360087,79,0,0.901915918365665
"bimodal",5,4e+07,1,"DESeq2",0.2,0,0.184381778741866,85,0,0.901915918365665
"bimodal",5,4e+07,1,"TOX_exact_n0_k20_50",0.01,0.04,0.156182212581345,75,0,0.818626476974284
"bimodal",5,4e+07,1,"TOX_exact_n0_k20_50",0.05,0.0956521739130435,0.225596529284165,115,0,0.818626476974284
"bimodal",5,4e+07,1,"TOX_exact_n0_k20_50",0.1,0.159722222222222,0.262472885032538,144,0,0.818626476974284
"bimodal",5,4e+07,1,"TOX_exact_n0_k20_50",0.2,0.194285714285714,0.3058568329718,175,0,0.818626476974284
"bimodal",5,4e+07,1,"TOX_exact_n0_k30_70",0.01,0.046875,0.132321041214751,64,0,0.82011541942106
"bimodal",5,4e+07,1,"TOX_exact_n0_k30_70",0.05,0.0792079207920792,0.20173535791757,101,0,0.82011541942106
"bimodal",5,4e+07,1,"TOX_exact_n0_k30_70",0.1,0.1328125,0.240780911062907,128,0,0.82011541942106
"bimodal",5,4e+07,1,"TOX_exact_n0_k30_70",0.2,0.175,0.286334056399132,160,0,0.82011541942106
"bimodal",5,4e+07,1,"TOX_exact_n0_k40_70",0.01,0.0508474576271186,0.121475054229935,59,0,0.820247970045103
"bimodal",5,4e+07,1,"TOX_exact_n0_k40_70",0.05,0.0697674418604651,0.17353579175705,86,0,0.820247970045103
"bimodal",5,4e+07,1,"TOX_exact_n0_k40_70",0.1,0.141666666666667,0.223427331887202,120,0,0.820247970045103
"bimodal",5,4e+07,1,"TOX_exact_n0_k40_70",0.2,0.18125,0.284164859002169,160,0,0.820247970045103
"bimodal",5,4e+07,1,"TOX_exact_n1_k20_50",0.01,NA,0,0,1,0.660129904759159
"bimodal",5,4e+07,1,"TOX_exact_n1_k20_50",0.05,0.2,0.017353579175705,10,0,0.660129904759159
"bimodal",5,4e+07,1,"TOX_exact_n1_k20_50",0.1,0.272727272727273,0.017353579175705,11,0,0.660129904759159
"bimodal",5,4e+07,1,"TOX_exact_n1_k20_50",0.2,0.655737704918033,0.0455531453362256,61,0,0.660129904759159
"bimodal",5,4e+07,1,"TOX_exact_n1_k30_70",0.01,0,0.00867678958785249,4,0,0.664008104376796
"bimodal",5,4e+07,1,"TOX_exact_n1_k30_70",0.05,0.222222222222222,0.0151843817787419,9,0,0.664008104376796
"bimodal",5,4e+07,1,"TOX_exact_n1_k30_70",0.1,0.333333333333333,0.017353579175705,12,0,0.664008104376796
"bimodal",5,4e+07,1,"TOX_exact_n1_k30_70",0.2,0.619047619047619,0.052060737527115,63,0,0.664008104376796
"bimodal",5,4e+07,1,"TOX_exact_n1_k40_70",0.01,0.125,0.0151843817787419,8,0,0.663752526183252
"bimodal",5,4e+07,1,"TOX_exact_n1_k40_70",0.05,0.222222222222222,0.0151843817787419,9,0,0.663752526183252
"bimodal",5,4e+07,1,"TOX_exact_n1_k40_70",0.1,0.333333333333333,0.017353579175705,12,0,0.663752526183252
"bimodal",5,4e+07,1,"TOX_exact_n1_k40_70",0.2,0.629032258064516,0.0498915401301518,62,0,0.663752526183252
"bimodal",5,4e+07,1,"TOX_bootstrap_n0_k20_50",0.01,NA,0,0,1,0.821979364312945
"bimodal",5,4e+07,1,"TOX_bootstrap_n0_k20_50",0.05,0.116279069767442,0.164859002169197,86,0,0.821979364312945
"bimodal",5,4e+07,1,"TOX_bootstrap_n0_k20_50",0.1,0.16551724137931,0.262472885032538,145,0,0.821979364312945
"bimodal",5,4e+07,1,"TOX_bootstrap_n0_k20_50",0.2,0.201716738197425,0.403470715835141,233,0,0.821979364312945
"bimodal",5,4e+07,1,"TOX_bootstrap_n0_k30_70",0.01,NA,0,0,1,0.822537106453337
"bimodal",5,4e+07,1,"TOX_bootstrap_n0_k30_70",0.05,0.104477611940299,0.130151843817787,67,0,0.822537106453337
"bimodal",5,4e+07,1,"TOX_bootstrap_n0_k30_70",0.1,0.1,0.253796095444685,130,0,0.822537106453337
"bimodal",5,4e+07,1,"TOX_bootstrap_n0_k30_70",0.2,0.206140350877193,0.392624728850325,228,0,0.822537106453337
"bimodal",5,4e+07,1,"TOX_bootstrap_n0_k40_70",0.01,NA,0,0,1,0.822529642437614
"bimodal",5,4e+07,1,"TOX_bootstrap_n0_k40_70",0.05,0.11864406779661,0.112798264642082,59,0,0.822529642437614
"bimodal",5,4e+07,1,"TOX_bootstrap_n0_k40_70",0.1,0.101694915254237,0.229934924078091,118,0,0.822529642437614
"bimodal",5,4e+07,1,"TOX_bootstrap_n0_k40_70",0.2,0.189320388349515,0.362255965292842,206,0,0.822529642437614
"bimodal",5,4e+07,1,"TOX_bootstrap_n1_k20_50",0.01,NA,0,0,1,0.671106898088903
"bimodal",5,4e+07,1,"TOX_bootstrap_n1_k20_50",0.05,NA,0,0,1,0.671106898088903
"bimodal",5,4e+07,1,"TOX_bootstrap_n1_k20_50",0.1,NA,0,0,1,0.671106898088903
"bimodal",5,4e+07,1,"TOX_bootstrap_n1_k20_50",0.2,0.613333333333333,0.0629067245119306,75,0,0.671106898088903
"bimodal",5,4e+07,1,"TOX_bootstrap_n1_k30_70",0.01,NA,0,0,1,0.671402884919291
"bimodal",5,4e+07,1,"TOX_bootstrap_n1_k30_70",0.05,NA,0,0,1,0.671402884919291
"bimodal",5,4e+07,1,"TOX_bootstrap_n1_k30_70",0.1,NA,0,0,1,0.671402884919291
"bimodal",5,4e+07,1,"TOX_bootstrap_n1_k30_70",0.2,0.588235294117647,0.0607375271149675,68,0,0.671402884919291
"bimodal",5,4e+07,1,"TOX_bootstrap_n1_k40_70",0.01,NA,0,0,1,0.67079392418825
"bimodal",5,4e+07,1,"TOX_bootstrap_n1_k40_70",0.05,NA,0,0,1,0.67079392418825
"bimodal",5,4e+07,1,"TOX_bootstrap_n1_k40_70",0.1,NA,0,0,1,0.67079392418825
"bimodal",5,4e+07,1,"TOX_bootstrap_n1_k40_70",0.2,0.576271186440678,0.0542299349240781,59,0,0.67079392418825
"bimodal",5,4e+07,2,"edgeR",0.01,0,0.220779220779221,102,0,0.875147930822449
"bimodal",5,4e+07,2,"edgeR",0.05,0,0.244588744588745,113,0,0.875147930822449
"bimodal",5,4e+07,2,"edgeR",0.1,0,0.25974025974026,120,0,0.875147930822449
"bimodal",5,4e+07,2,"edgeR",0.2,0.00769230769230769,0.279220779220779,130,0,0.875147930822449
"bimodal",5,4e+07,2,"limma",0.01,0,0.296536796536797,137,0,0.724106054941173
"bimodal",5,4e+07,2,"limma",0.05,0.0134228187919463,0.318181818181818,149,0,0.724106054941173
"bimodal",5,4e+07,2,"limma",0.1,0.0256410256410256,0.329004329004329,156,0,0.724106054941173
"bimodal",5,4e+07,2,"limma",0.2,0.0555555555555556,0.331168831168831,162,0,0.724106054941173
"bimodal",5,4e+07,2,"DESeq2",0.01,0,0.145021645021645,67,0,0.88736037879303
"bimodal",5,4e+07,2,"DESeq2",0.05,0,0.181818181818182,84,0,0.88736037879303
"bimodal",5,4e+07,2,"DESeq2",0.1,0,0.196969696969697,91,0,0.88736037879303
"bimodal",5,4e+07,2,"DESeq2",0.2,0,0.216450216450216,100,0,0.88736037879303
"bimodal",5,4e+07,2,"TOX_exact_n0_k20_50",0.01,0.0113636363636364,0.188311688311688,88,0,0.827291472901751
"bimodal",5,4e+07,2,"TOX_exact_n0_k20_50",0.05,0.047244094488189,0.261904761904762,127,0,0.827291472901751
"bimodal",5,4e+07,2,"TOX_exact_n0_k20_50",0.1,0.113333333333333,0.287878787878788,150,0,0.827291472901751
"bimodal",5,4e+07,2,"TOX_exact_n0_k20_50",0.2,0.159817351598174,0.398268398268398,219,0,0.827291472901751
"bimodal",5,4e+07,2,"TOX_exact_n0_k30_70",0.01,0.012987012987013,0.164502164502165,77,0,0.828649758521279
"bimodal",5,4e+07,2,"TOX_exact_n0_k30_70",0.05,0.0442477876106195,0.233766233766234,113,0,0.828649758521279
"bimodal",5,4e+07,2,"TOX_exact_n0_k30_70",0.1,0.0952380952380952,0.287878787878788,147,0,0.828649758521279
"bimodal",5,4e+07,2,"TOX_exact_n0_k30_70",0.2,0.152777777777778,0.396103896103896,216,0,0.828649758521279
"bimodal",5,4e+07,2,"TOX_exact_n0_k40_70",0.01,0.0144927536231884,0.147186147186147,69,0,0.828956949941961
"bimodal",5,4e+07,2,"TOX_exact_n0_k40_70",0.05,0.0576923076923077,0.212121212121212,104,0,0.828956949941961
"bimodal",5,4e+07,2,"TOX_exact_n0_k40_70",0.1,0.0921985815602837,0.277056277056277,141,0,0.828956949941961
"bimodal",5,4e+07,2,"TOX_exact_n0_k40_70",0.2,0.141509433962264,0.393939393939394,212,0,0.828956949941961
"bimodal",5,4e+07,2,"TOX_exact_n1_k20_50",0.01,0.05,0.0411255411255411,20,0,0.696403980665223
"bimodal",5,4e+07,2,"TOX_exact_n1_k20_50",0.05,0.107142857142857,0.0541125541125541,28,0,0.696403980665223
"bimodal",5,4e+07,2,"TOX_exact_n1_k20_50",0.1,0.302325581395349,0.0649350649350649,43,0,0.696403980665223
"bimodal",5,4e+07,2,"TOX_exact_n1_k20_50",0.2,0.519480519480519,0.0800865800865801,77,0,0.696403980665223
"bimodal",5,4e+07,2,"TOX_exact_n1_k30_70",0.01,0.0555555555555556,0.0367965367965368,18,0,0.700387426832823
"bimodal",5,4e+07,2,"TOX_exact_n1_k30_70",0.05,0.16,0.0454545454545455,25,0,0.700387426832823
"bimodal",5,4e+07,2,"TOX_exact_n1_k30_70",0.1,0.317073170731707,0.0606060606060606,41,0,0.700387426832823
"bimodal",5,4e+07,2,"TOX_exact_n1_k30_70",0.2,0.506849315068493,0.0779220779220779,73,0,0.700387426832823
"bimodal",5,4e+07,2,"TOX_exact_n1_k40_70",0.01,0.0625,0.0324675324675325,16,0,0.701943211043853
"bimodal",5,4e+07,2,"TOX_exact_n1_k40_70",0.05,0.136363636363636,0.0411255411255411,22,0,0.701943211043853
"bimodal",5,4e+07,2,"TOX_exact_n1_k40_70",0.1,0.333333333333333,0.0606060606060606,42,0,0.701943211043853
"bimodal",5,4e+07,2,"TOX_exact_n1_k40_70",0.2,0.506849315068493,0.0779220779220779,73,0,0.701943211043853
"bimodal",5,4e+07,2,"TOX_bootstrap_n0_k20_50",0.01,NA,0,0,1,0.828468482108739
"bimodal",5,4e+07,2,"TOX_bootstrap_n0_k20_50",0.05,0.0776699029126214,0.205627705627706,103,0,0.828468482108739
"bimodal",5,4e+07,2,"TOX_bootstrap_n0_k20_50",0.1,0.132183908045977,0.326839826839827,174,0,0.828468482108739
"bimodal",5,4e+07,2,"TOX_bootstrap_n0_k20_50",0.2,0.167364016736402,0.430735930735931,239,0,0.828468482108739
"bimodal",5,4e+07,2,"TOX_bootstrap_n0_k30_70",0.01,NA,0,0,1,0.8286572258735
"bimodal",5,4e+07,2,"TOX_bootstrap_n0_k30_70",0.05,0.0884955752212389,0.222943722943723,113,0,0.8286572258735
"bimodal",5,4e+07,2,"TOX_bootstrap_n0_k30_70",0.1,0.101190476190476,0.326839826839827,168,0,0.8286572258735
"bimodal",5,4e+07,2,"TOX_bootstrap_n0_k30_70",0.2,0.172413793103448,0.415584415584416,232,0,0.8286572258735
"bimodal",5,4e+07,2,"TOX_bootstrap_n0_k40_70",0.01,NA,0,0,1,0.82836187921841
"bimodal",5,4e+07,2,"TOX_bootstrap_n0_k40_70",0.05,0.0833333333333333,0.19047619047619,96,0,0.82836187921841
"bimodal",5,4e+07,2,"TOX_bootstrap_n0_k40_70",0.1,0.1,0.292207792207792,150,0,0.82836187921841
"bimodal",5,4e+07,2,"TOX_bootstrap_n0_k40_70",0.2,0.168888888888889,0.404761904761905,225,0,0.82836187921841
"bimodal",5,4e+07,2,"TOX_bootstrap_n1_k20_50",0.01,NA,0,0,1,0.703712458530446
"bimodal",5,4e+07,2,"TOX_bootstrap_n1_k20_50",0.05,NA,0,0,1,0.703712458530446
"bimodal",5,4e+07,2,"TOX_bootstrap_n1_k20_50",0.1,NA,0,0,1,0.703712458530446
"bimodal",5,4e+07,2,"TOX_bootstrap_n1_k20_50",0.2,0.518987341772152,0.0822510822510823,79,0,0.703712458530446
"bimodal",5,4e+07,2,"TOX_bootstrap_n1_k30_70",0.01,NA,0,0,1,0.705154687488735
"bimodal",5,4e+07,2,"TOX_bootstrap_n1_k30_70",0.05,NA,0,0,1,0.705154687488735
"bimodal",5,4e+07,2,"TOX_bootstrap_n1_k30_70",0.1,NA,0,0,1,0.705154687488735
"bimodal",5,4e+07,2,"TOX_bootstrap_n1_k30_70",0.2,0.52112676056338,0.0735930735930736,71,0,0.705154687488735
"bimodal",5,4e+07,2,"TOX_bootstrap_n1_k40_70",0.01,NA,0,0,1,0.705226013577191
"bimodal",5,4e+07,2,"TOX_bootstrap_n1_k40_70",0.05,NA,0,0,1,0.705226013577191
"bimodal",5,4e+07,2,"TOX_bootstrap_n1_k40_70",0.1,NA,0,0,1,0.705226013577191
"bimodal",5,4e+07,2,"TOX_bootstrap_n1_k40_70",0.2,0.492537313432836,0.0735930735930736,67,0,0.705226013577191
