"dist","n_rep","lib","round","method","n_tested","frac_p_lt_05","frac_p_lt_01","tail_ratio","median_p","min_p","ks_p","n_rejected","frac_tested","frac_fallbk","pool_infer","nbhd_median"
"nb",3,4e+07,1,"edgeR",4751,0.0456745948221427,0.00757735213639234,6.02777777777778,0.494411503936495,0.000149142825600276,0.386211501019758,0,NA,NA,NA,NA
"nb",3,4e+07,1,"limma",4751,0.0439907387918333,0.00820879814775837,5.35897435897436,0.490667737205707,0.000477551708819819,0.0194520112091159,0,NA,NA,NA,NA
"nb",3,4e+07,1,"DESeq2",4751,0.06040833508735,0.0128394022311092,4.70491803278688,0.479660284259334,5.74542976532711e-06,0.00261712818365806,2,NA,NA,NA,NA
"nb",3,4e+07,1,"TOX_exact_n0_k20_50",4751,0.0418859187539465,0.0052620500947169,7.96,0.480023110083996,4.44424692235901e-05,0.00131077455678281,0,1,0,150,150
"nb",3,4e+07,1,"TOX_exact_n0_k30_70",4751,0.0395706167122711,0.00547253209850558,7.23076923076923,0.478832679531076,0.000136051336704383,0.00617633504977986,0,1,0,85.7272807609495,210
"nb",3,4e+07,1,"TOX_exact_n0_k40_70",4751,0.0395706167122711,0.00547253209850558,7.23076923076923,0.478832679531076,0.000136051336704383,0.00692991968440605,0,1,0,85.7272807609495,210
"nb",3,4e+07,1,"TOX_exact_n1_k20_50",4751,0.0549358029888445,0.0111555462007998,4.92452830188679,0.47895649082263,4.44424692235901e-05,0.012168745023874,0,1,0,150,150
"nb",3,4e+07,1,"TOX_exact_n1_k30_70",4751,0.0543043569774784,0.0107345821932225,5.05882352941176,0.482165937280334,2.26752227840639e-05,0.0621750307676376,0,1,0,210,210
"nb",3,4e+07,1,"TOX_exact_n1_k40_70",4751,0.0536729109661124,0.0105241001894338,5.1,0.483526450647378,2.26752227840639e-05,0.097602115989873,0,1,0,210,210
"nb",3,4e+07,1,"TOX_bootstrap_n0_k20_50",4751,0.0395706167122711,0.00484108608713955,8.17391304347826,0.474852514748525,9.99900009999e-05,0.000360299898529479,0,1,0,100,150
"nb",3,4e+07,1,"TOX_bootstrap_n0_k30_70",4751,0.038307724689539,0.00463060408335087,8.27272727272727,0.476152384761524,0.0001999800019998,0.0022249386572897,0,1,0,70.7071424963561,210
"nb",3,4e+07,1,"TOX_bootstrap_n0_k40_70",4751,0.038307724689539,0.00463060408335087,8.27272727272727,0.476452354764524,0.0001999800019998,0.00285425959638617,0,1,0,70.7071424963561,210
"nb",3,4e+07,1,"TOX_bootstrap_n1_k20_50",4751,0.0553567669964218,0.0115765102083772,4.78181818181818,0.479252074792521,9.99900009999e-05,0.0155145393603771,0,1,0,100,150
"nb",3,4e+07,1,"TOX_bootstrap_n1_k30_70",4751,0.0538833929699011,0.0103136181856451,5.22448979591837,0.484051594840516,9.99900009999e-05,0.0772264543828106,0,1,0,100,210
"nb",3,4e+07,1,"TOX_bootstrap_n1_k40_70",4751,0.0534624289623237,0.0101031361818565,5.29166666666667,0.485151484851515,9.99900009999e-05,0.123407199628507,0,1,0,100,210
"nb",3,4e+07,2,"edgeR",4760,0.0548319327731092,0.0107142857142857,5.11764705882353,0.495730486440193,0.000294068970967516,0.622375448836493,0,NA,NA,NA,NA
"nb",3,4e+07,2,"limma",4760,0.0527310924369748,0.0092436974789916,5.70454545454545,0.493504962131355,0.00039386485317289,0.406272482860288,0,NA,NA,NA,NA
"nb",3,4e+07,2,"DESeq2",4759,0.0674511451985711,0.0180710233242278,3.73255813953488,0.484236220728277,3.03999174724405e-05,0.00120135207126681,0,NA,NA,NA,NA
"nb",3,4e+07,2,"TOX_exact_n0_k20_50",4760,0.0466386554621849,0.00756302521008403,6.16666666666667,0.488311630594196,0.00026665481534154,0.0754721537562981,0,1,0,61.2304390533554,150
"nb",3,4e+07,2,"TOX_exact_n0_k30_70",4760,0.0449579831932773,0.00483193277310924,9.30434782608696,0.488519348271106,0.000136051336704383,0.11954202930358,0,1,0,85.7272807609495,210
"nb",3,4e+07,2,"TOX_exact_n0_k40_70",4760,0.0447478991596639,0.00441176470588235,10.1428571428571,0.488870814224259,0.000136051336704383,0.142944482583174,0,1,0,85.7272807609495,210
"nb",3,4e+07,2,"TOX_exact_n1_k20_50",4760,0.0588235294117647,0.0123949579831933,4.74576271186441,0.493644726901027,4.44424692235901e-05,0.159912019603625,0,1,0,150,150
"nb",3,4e+07,2,"TOX_exact_n1_k30_70",4760,0.0565126050420168,0.0117647058823529,4.80357142857143,0.496212161554701,2.26752227840639e-05,0.496939900205093,0,1,0,210,210
"nb",3,4e+07,2,"TOX_exact_n1_k40_70",4760,0.0563025210084034,0.0113445378151261,4.96296296296296,0.496995532981112,2.26752227840639e-05,0.567014247472682,0,1,0,210,210
"nb",3,4e+07,2,"TOX_bootstrap_n0_k20_50",4760,0.0460084033613445,0.00546218487394958,8.42307692307692,0.485551444855514,0.0032996700329967,0.0506389623412531,0,1,0,17.3798908529543,150
"nb",3,4e+07,2,"TOX_bootstrap_n0_k30_70",4760,0.0432773109243697,0.00378151260504202,11.4444444444444,0.487951204879512,0.0017998200179982,0.0918330516369017,0,1,0,23.5501828254286,210
"nb",3,4e+07,2,"TOX_bootstrap_n0_k40_70",4760,0.0430672268907563,0.00357142857142857,12.0588235294118,0.487951204879512,0.0017998200179982,0.101334123949877,0,1,0,23.5501828254286,210
"nb",3,4e+07,2,"TOX_bootstrap_n1_k20_50",4760,0.0598739495798319,0.0128151260504202,4.67213114754098,0.494750524947505,9.99900009999e-05,0.128215807328155,0,1,0,100,150
"nb",3,4e+07,2,"TOX_bootstrap_n1_k30_70",4760,0.0554621848739496,0.0115546218487395,4.8,0.497750224977502,0.0001999800019998,0.488211107269885,0,1,0,70.7071424963561,210
"nb",3,4e+07,2,"TOX_bootstrap_n1_k40_70",4760,0.0554621848739496,0.0113445378151261,4.88888888888889,0.498300169983002,0.0001999800019998,0.581751860991126,0,1,0,70.7071424963561,210
"nb",3,4e+07,3,"edgeR",4767,0.0518145584224879,0.0106985525487728,4.84313725490196,0.500620371915647,0.000501402694000846,0.467199568810173,0,NA,NA,NA,NA
"nb",3,4e+07,3,"limma",4767,0.0505559051814558,0.00943989930774072,5.35555555555556,0.497220605682623,0.00035336337404696,0.0979028799842009,0,NA,NA,NA,NA
"nb",3,4e+07,3,"DESeq2",4767,0.0635619886721208,0.0161527165932452,3.93506493506493,0.488575049589877,8.72839993017404e-05,0.000496776095468166,0,NA,NA,NA,NA
"nb",3,4e+07,3,"TOX_exact_n0_k20_50",4767,0.0480385986993917,0.00713236836584854,6.73529411764706,0.488378294298031,7.40685875120361e-05,0.0658732765017638,0,1,0,116.189500386223,150
"nb",3,4e+07,3,"TOX_exact_n0_k30_70",4767,0.0451017411369834,0.00461506188378435,9.77272727272727,0.490782521938278,2.26752227840639e-05,0.129559319497708,0,1,0,210,210
"nb",3,4e+07,3,"TOX_exact_n0_k40_70",4767,0.0448919655968114,0.00461506188378435,9.72727272727273,0.490895898052198,2.26752227840639e-05,0.138576919412326,0,1,0,210,210
"nb",3,4e+07,3,"TOX_exact_n1_k20_50",4767,0.0572687224669604,0.0151038388923851,3.79166666666667,0.495622416781476,7.40685875120361e-05,0.0384674170310801,0,1,0,116.189500386223,150
"nb",3,4e+07,3,"TOX_exact_n1_k30_70",4767,0.0549611915250682,0.013635410111181,4.03076923076923,0.497925217115258,5.29072535844664e-05,0.168960070662299,0,1,0,137.477270848675,210
"nb",3,4e+07,3,"TOX_exact_n1_k40_70",4767,0.0539123138242081,0.013425634571009,4.015625,0.499535157932927,0.000113376113920319,0.191806317781232,0,1,0,93.9105957813068,210
"nb",3,4e+07,3,"TOX_bootstrap_n0_k20_50",4767,0.0463603943780155,0.00440528634361234,10.5238095238095,0.485651434856514,0.0004999500049995,0.0119933062253497,0,1,0,44.7124143834797,150
"nb",3,4e+07,3,"TOX_bootstrap_n0_k30_70",4767,0.0432137612754353,0.00356618418292427,12.1176470588235,0.488851114888511,9.99900009999e-05,0.0675698286049822,0,1,0,100,210
"nb",3,4e+07,3,"TOX_bootstrap_n0_k40_70",4767,0.0430039857352633,0.00356618418292427,12.0588235294118,0.488851114888511,9.99900009999e-05,0.0784344213355268,0,1,0,100,210
"nb",3,4e+07,3,"TOX_bootstrap_n1_k20_50",4767,0.0574784980071324,0.0151038388923851,3.80555555555556,0.496150384961504,0.0002999700029997,0.0602957676159245,0,1,0,57.7292531275667,150
"nb",3,4e+07,3,"TOX_bootstrap_n1_k30_70",4767,0.0558002936857562,0.0140549611915251,3.97014925373134,0.4999500049995,0.0001999800019998,0.272358659628541,0,1,0,70.7071424963561,210
"nb",3,4e+07,3,"TOX_bootstrap_n1_k40_70",4767,0.0549611915250682,0.013635410111181,4.03076923076923,0.5004499550045,0.0001999800019998,0.30488974262344,0,1,0,70.7071424963561,210
"nb",3,4e+07,4,"edgeR",4757,0.0418330880807231,0.00714736178263612,5.85294117647059,0.503893415633495,9.4457493035164e-05,0.84455977102927,0,NA,NA,NA,NA
"nb",3,4e+07,4,"limma",4757,0.041202438511667,0.00567584612150515,7.25925925925926,0.494595181198468,0.000520276849833926,0.591348586463104,0,NA,NA,NA,NA
"nb",3,4e+07,4,"DESeq2",4757,0.059281059491276,0.0119823418120664,4.94736842105263,0.485327871644286,5.8225035946372e-05,0.0382353104887816,0,NA,NA,NA,NA
"nb",3,4e+07,4,"TOX_exact_n0_k20_50",4757,0.0369981080512928,0.00378389741433677,9.77777777777778,0.483267410337318,0.000111098766803688,0.00958353162336669,0,1,0,94.8683298050514,150
"nb",3,4e+07,4,"TOX_exact_n0_k30_70",4757,0.0351061593441244,0.00378389741433677,9.27777777777778,0.489195256343394,0.00258497539738328,0.0201176864931298,0,1,0,19.6430872622656,210
"nb",3,4e+07,4,"TOX_exact_n0_k40_70",4757,0.0348959428211057,0.00357368089131806,9.76470588235294,0.489195256343394,0.00258497539738328,0.0219578848594544,0,1,0,19.6430872622656,210
"nb",3,4e+07,4,"TOX_exact_n1_k20_50",4757,0.0506621820475089,0.00756779482867353,6.69444444444444,0.492022576774366,0.00022221234611795,0.756212356112167,0,1,0,67.0760762120147,150
"nb",3,4e+07,4,"TOX_exact_n1_k30_70",4757,0.0466680681101535,0.00777801135169224,6,0.498469422462076,0.000136051336704383,0.829387876940495,0,1,0,85.7272807609495,210
"nb",3,4e+07,4,"TOX_exact_n1_k40_70",4757,0.046247635064116,0.00735757830565482,6.28571428571429,0.500804970408834,0.000136051336704383,0.762649604319752,0,1,0,85.7272807609495,210
"nb",3,4e+07,4,"TOX_bootstrap_n0_k20_50",4757,0.0351061593441244,0.00357368089131806,9.82352941176471,0.482551744825517,0.0007999200079992,0.00350719486537595,0,1,0,35.3429625243838,150
"nb",3,4e+07,4,"TOX_bootstrap_n0_k30_70",4757,0.0344755097750683,0.00357368089131806,9.64705882352941,0.487251274872513,0.0016998300169983,0.00938780600866537,0,1,0,24.2341518862753,210
"nb",3,4e+07,4,"TOX_bootstrap_n0_k40_70",4757,0.0342652932520496,0.00315324784528064,10.8666666666667,0.487251274872513,0.0016998300169983,0.0111778219045197,0,1,0,24.2341518862753,210
"nb",3,4e+07,4,"TOX_bootstrap_n1_k20_50",4757,0.0502417490014715,0.00861887744376708,5.82926829268293,0.492550744925507,0.0001999800019998,0.649532296499929,0,1,0,70.7071424963561,150
"nb",3,4e+07,4,"TOX_bootstrap_n1_k30_70",4757,0.0464578515871348,0.00819844439772966,5.66666666666667,0.497950204979502,0.0003999600039996,0.691672381666977,0,1,0,49.9924994374156,210
"nb",3,4e+07,4,"TOX_bootstrap_n1_k40_70",4757,0.0460374185410973,0.00777801135169224,5.91891891891892,0.498350164983502,0.0003999600039996,0.642834904076575,0,1,0,49.9924994374156,210
"nb",3,4e+07,5,"edgeR",4755,0.0593059936908517,0.00988433228180862,6,0.498327134706202,0.000245824666331959,0.594134711382404,0,NA,NA,NA,NA
"nb",3,4e+07,5,"limma",4755,0.0538380651945321,0.00841219768664564,6.4,0.494670644498342,0.000293877898462934,0.389838648461254,0,NA,NA,NA,NA
"nb",3,4e+07,5,"DESeq2",4755,0.07465825446898,0.0185068349106204,4.03409090909091,0.485724204995986,2.87044294936311e-06,0.00188178597797214,1,NA,NA,NA,NA
"nb",3,4e+07,5,"TOX_exact_n0_k20_50",4755,0.0521556256572029,0.00672975814931651,7.75,0.486822807875206,7.40685875120361e-05,0.0182116165427096,0,1,0,116.189500386223,150
"nb",3,4e+07,5,"TOX_exact_n0_k30_70",4755,0.05068349106204,0.0056782334384858,8.92592592592593,0.488242896986463,0.000612231015169724,0.0615370308796098,0,1,0,40.4026035098033,210
"nb",3,4e+07,5,"TOX_exact_n0_k40_70",4755,0.0502628811777077,0.00546792849631966,9.19230769230769,0.488968504115553,0.000612231015169724,0.0615370308796098,0,1,0,40.4026035098033,210
"nb",3,4e+07,5,"TOX_exact_n1_k20_50",4755,0.061198738170347,0.0128286014721346,4.77049180327869,0.497622327896538,4.44424692235901e-05,0.239052008974811,0,1,0,150,150
"nb",3,4e+07,5,"TOX_exact_n1_k30_70",4755,0.0572029442691903,0.0117770767613039,4.85714285714286,0.501258474864516,6.80256683521916e-05,0.553240820817558,0,1,0,121.240807211654,210
"nb",3,4e+07,5,"TOX_exact_n1_k40_70",4755,0.0557308096740273,0.0115667718191377,4.81818181818182,0.502074782884742,6.80256683521916e-05,0.7916040359917,0,1,0,121.240807211654,210
"nb",3,4e+07,5,"TOX_bootstrap_n0_k20_50",4755,0.0513144058885384,0.00609884332281809,8.41379310344828,0.486251374862514,0.0008999100089991,0.00961096643398942,0,1,0,33.3199973322661,150
"nb",3,4e+07,5,"TOX_bootstrap_n0_k30_70",4755,0.0496319663512093,0.00441640378548896,11.2380952380952,0.488851114888511,0.0012998700129987,0.025242939776126,0,1,0,27.7183638100753,210
"nb",3,4e+07,5,"TOX_bootstrap_n0_k40_70",4755,0.049211356466877,0.00420609884332282,11.7,0.488951104889511,0.0012998700129987,0.0274919634282002,0,1,0,27.7183638100753,210
"nb",3,4e+07,5,"TOX_bootstrap_n1_k20_50",4755,0.0609884332281809,0.0128286014721346,4.75409836065574,0.499350064993501,0.0002999700029997,0.246654552488933,0,1,0,57.7292531275667,150
"nb",3,4e+07,5,"TOX_bootstrap_n1_k30_70",4755,0.0574132492113565,0.0121976866456362,4.70689655172414,0.502149785021498,0.0002999700029997,0.560950043233081,0,1,0,57.7292531275667,210
"nb",3,4e+07,5,"TOX_bootstrap_n1_k40_70",4755,0.0561514195583596,0.01198738170347,4.68421052631579,0.503449655034497,0.0002999700029997,0.821950250242875,0,1,0,57.7292531275667,210
"nb",5,4e+07,1,"edgeR",4757,0.0515030481395838,0.00861887744376708,5.97560975609756,0.504600991058309,7.12377535442876e-05,0.322656754126206,0,NA,NA,NA,NA
"nb",5,4e+07,1,"limma",4757,0.0506621820475089,0.00966996005886063,5.23913043478261,0.51581824405777,8.9341911058855e-05,0.101338456119318,0,NA,NA,NA,NA
"nb",5,4e+07,1,"DESeq2",4755,0.0675078864353312,0.0180862250262881,3.73255813953488,0.496055191263195,4.69737870223808e-07,0.0252920144249842,1,NA,NA,NA,NA
"nb",5,4e+07,1,"TOX_exact_n0_k20_50",4757,0.0464578515871348,0.00525541307546773,8.84,0.482248284027456,1.59997440040959e-05,0.0486219390133537,2,1,0,250,250
"nb",5,4e+07,1,"TOX_exact_n0_k30_70",4757,0.0454067689720412,0.00504519655244902,9,0.480991991902107,8.16319866776598e-06,0.0356467673001259,2,1,0,350,350
"nb",5,4e+07,1,"TOX_exact_n0_k40_70",4757,0.0454067689720412,0.00504519655244902,9,0.480991991902107,8.16319866776598e-06,0.0356467673001259,2,1,0,350,350
"nb",5,4e+07,1,"TOX_exact_n1_k20_50",4757,0.054235862938827,0.00988017658187934,5.48936170212766,0.508199868802099,3.19994880081919e-05,0.464167979876751,0,1,0,176.775281077418,250
"nb",5,4e+07,1,"TOX_exact_n1_k30_70",4757,0.0512928316165651,0.00988017658187934,5.19148936170213,0.508044832287083,1.6326397335532e-05,0.395510635187576,0,1,0,247.486363260686,350
"nb",5,4e+07,1,"TOX_exact_n1_k40_70",4757,0.0512928316165651,0.00988017658187934,5.19148936170213,0.508044832287083,1.6326397335532e-05,0.395510635187576,0,1,0,247.486363260686,350
"nb",5,4e+07,1,"TOX_bootstrap_n0_k20_50",4757,0.0456169854950599,0.00630649569056128,7.23333333333333,0.49035096490351,9.99900009999e-05,0.623749496358789,0,1,0,100,250
"nb",5,4e+07,1,"TOX_bootstrap_n0_k30_70",4757,0.0454067689720412,0.0067269287365987,6.75,0.490850914908509,9.99900009999e-05,0.417531980500932,0,1,0,100,350
"nb",5,4e+07,1,"TOX_bootstrap_n0_k40_70",4757,0.0454067689720412,0.0067269287365987,6.75,0.490850914908509,9.99900009999e-05,0.417531980500932,0,1,0,100,350
"nb",5,4e+07,1,"TOX_bootstrap_n1_k20_50",4757,0.0540256464158083,0.011561908766029,4.67272727272727,0.510948905109489,9.99900009999e-05,0.23473720544788,0,1,0,100,250
"nb",5,4e+07,1,"TOX_bootstrap_n1_k30_70",4757,0.0525541307546773,0.0103006096279168,5.10204081632653,0.513448655134487,9.99900009999e-05,0.182008350104655,0,1,0,100,350
"nb",5,4e+07,1,"TOX_bootstrap_n1_k40_70",4757,0.0525541307546773,0.0103006096279168,5.10204081632653,0.513448655134487,9.99900009999e-05,0.182008350104655,0,1,0,100,350
"nb",5,4e+07,2,"edgeR",4768,0.048238255033557,0.0102768456375839,4.69387755102041,0.505510800128571,5.38877455552855e-05,0.630601704151321,0,NA,NA,NA,NA
"nb",5,4e+07,2,"limma",4768,0.0539010067114094,0.0104865771812081,5.14,0.501094808837722,8.12608614320993e-05,0.960951006275336,0,NA,NA,NA,NA
"nb",5,4e+07,2,"DESeq2",4768,0.0614513422818792,0.0176174496644295,3.48809523809524,0.490075864461542,4.83390913103154e-06,0.0661406028425711,3,NA,NA,NA,NA
"nb",5,4e+07,2,"TOX_exact_n0_k20_50",4768,0.0448825503355705,0.0048238255033557,9.30434782608696,0.495384073854818,1.59997440040959e-05,0.652834844262817,0,1,0,250,250
"nb",5,4e+07,2,"TOX_exact_n0_k30_70",4768,0.0463506711409396,0.00440436241610738,10.5238095238095,0.495677586305418,0.00177141411090522,0.668227019125176,0,1,0,23.7385917300751,350
"nb",5,4e+07,2,"TOX_exact_n0_k40_70",4768,0.0463506711409396,0.00440436241610738,10.5238095238095,0.495677586305418,0.00177141411090522,0.668227019125176,0,1,0,23.7385917300751,350
"nb",5,4e+07,2,"TOX_exact_n1_k20_50",4768,0.0526426174496644,0.0106963087248322,4.92156862745098,0.508343866498136,0.000159994880163835,0.445161730576568,0,1,0,79.0518816980342,250
"nb",5,4e+07,2,"TOX_exact_n1_k30_70",4768,0.0526426174496644,0.0102768456375839,5.12244897959184,0.508763193769847,0.000106121582680958,0.506266428673527,0,1,0,97.0677796498604,350
"nb",5,4e+07,2,"TOX_exact_n1_k40_70",4768,0.0526426174496644,0.0102768456375839,5.12244897959184,0.508763193769847,0.000106121582680958,0.506266428673527,0,1,0,97.0677796498604,350
"nb",5,4e+07,2,"TOX_bootstrap_n0_k20_50",4768,0.0450922818791946,0.00524328859060403,8.6,0.501599840015998,0.0006999300069993,0.908108693336121,0,1,0,37.7851066653819,250
"nb",5,4e+07,2,"TOX_bootstrap_n0_k30_70",4768,0.0463506711409396,0.00608221476510067,7.62068965517241,0.500699930006999,0.0005999400059994,0.959710136511278,0,1,0,40.8146215630298,350
"nb",5,4e+07,2,"TOX_bootstrap_n0_k40_70",4768,0.0463506711409396,0.00608221476510067,7.62068965517241,0.500699930006999,0.0005999400059994,0.959710136511278,0,1,0,40.8146215630298,350
"nb",5,4e+07,2,"TOX_bootstrap_n1_k20_50",4768,0.0530620805369128,0.011744966442953,4.51785714285714,0.510498950104989,9.99900009999e-05,0.303990892892532,0,1,0,100,250
"nb",5,4e+07,2,"TOX_bootstrap_n1_k30_70",4768,0.0530620805369128,0.0113255033557047,4.68518518518519,0.511098890110989,9.99900009999e-05,0.47027114617051,0,1,0,100,350
"nb",5,4e+07,2,"TOX_bootstrap_n1_k40_70",4768,0.0530620805369128,0.0113255033557047,4.68518518518519,0.511098890110989,9.99900009999e-05,0.427122751697953,0,1,0,100,350
"nb",5,4e+07,3,"edgeR",4772,0.0559513830678961,0.00984911986588433,5.68085106382979,0.491573858614856,0.000321308930415591,0.125417279213908,0,NA,NA,NA,NA
"nb",5,4e+07,3,"limma",4772,0.0561609388097234,0.00984911986588433,5.70212765957447,0.485550777305011,0.000377283515905033,0.0467601482962045,0,NA,NA,NA,NA
"nb",5,4e+07,3,"DESeq2",4772,0.0750209555741827,0.0203269069572506,3.69072164948454,0.479670693948079,1.36892056869444e-05,8.79974807906488e-05,2,NA,NA,NA,NA
"nb",5,4e+07,3,"TOX_exact_n0_k20_50",4772,0.0507124895222129,0.00502933780385583,10.0833333333333,0.474848402425561,0.00148797619238092,9.94144759175888e-05,0,1,0,25.9047054304978,250
"nb",5,4e+07,3,"TOX_exact_n0_k30_70",4772,0.0507124895222129,0.00502933780385583,10.0833333333333,0.473608378707113,0.00115917421082277,5.31290006288902e-05,0,1,0,29.3544391632944,350
"nb",5,4e+07,3,"TOX_exact_n0_k40_70",4772,0.0507124895222129,0.00502933780385583,10.0833333333333,0.473608378707113,0.00115917421082277,5.31290006288902e-05,0,1,0,29.3544391632944,350
"nb",5,4e+07,3,"TOX_exact_n1_k20_50",4772,0.0580469404861693,0.010896898575021,5.32692307692308,0.487336202620758,0.000159997440040959,0.0297581032187996,0,1,0,79.0512491994908,250
"nb",5,4e+07,3,"TOX_exact_n1_k30_70",4772,0.0576278290025147,0.0113160100586756,5.09259259259259,0.48856335866646,8.97951853454258e-05,0.0389553081603369,0,1,0,105.524663209387,350
"nb",5,4e+07,3,"TOX_exact_n1_k40_70",4772,0.0576278290025147,0.0113160100586756,5.09259259259259,0.48856335866646,8.97951853454258e-05,0.0389553081603369,0,1,0,105.524663209387,350
"nb",5,4e+07,3,"TOX_bootstrap_n0_k20_50",4772,0.0513411567476949,0.00670578373847443,7.65625,0.47955204479552,0.0005999400059994,0.00484667431851668,0,1,0,40.8146215630298,250
"nb",5,4e+07,3,"TOX_bootstrap_n0_k30_70",4772,0.0505029337803856,0.00712489522212909,7.08823529411765,0.480651934806519,0.0002999700029997,0.00294883399405627,0,1,0,57.7292531275667,350
"nb",5,4e+07,3,"TOX_bootstrap_n0_k40_70",4772,0.0505029337803856,0.00712489522212909,7.08823529411765,0.480651934806519,0.0002999700029997,0.00294883399405627,0,1,0,57.7292531275667,350
"nb",5,4e+07,3,"TOX_bootstrap_n1_k20_50",4772,0.0582564962279966,0.0129924559932942,4.48387096774194,0.48970102989701,9.99900009999e-05,0.0841840030971394,0,1,0,100,250
"nb",5,4e+07,3,"TOX_bootstrap_n1_k30_70",4772,0.0580469404861693,0.0119446772841576,4.85964912280702,0.489151084891511,0.0001999800019998,0.0810477141829224,0,1,0,70.7071424963561,350
"nb",5,4e+07,3,"TOX_bootstrap_n1_k40_70",4772,0.0580469404861693,0.0119446772841576,4.85964912280702,0.489151084891511,0.0001999800019998,0.0810477141829224,0,1,0,70.7071424963561,350
"nb",5,4e+07,4,"edgeR",4768,0.0539010067114094,0.00964765100671141,5.58695652173913,0.500051745868128,0.000510748740153577,0.83192793543416,0,NA,NA,NA,NA
"nb",5,4e+07,4,"limma",4768,0.054739932885906,0.00796979865771812,6.86842105263158,0.498166819221342,5.72869715234869e-05,0.78956492985695,0,NA,NA,NA,NA
"nb",5,4e+07,4,"DESeq2",4768,0.0627097315436242,0.0161493288590604,3.88311688311688,0.488965777958151,0.000109105140848232,0.00177786914759506,0,NA,NA,NA,NA
"nb",5,4e+07,4,"TOX_exact_n0_k20_50",4768,0.0457214765100671,0.0048238255033557,9.47826086956522,0.481576294779284,0.00102398361626214,0.0178902162932196,0,1,0,31.2342460289984,250
"nb",5,4e+07,4,"TOX_exact_n0_k30_70",4768,0.0453020134228188,0.0037751677852349,12,0.482065452526918,0.00138774377352022,0.0159000509091792,0,1,0,26.8252514927085,350
"nb",5,4e+07,4,"TOX_exact_n0_k40_70",4768,0.0453020134228188,0.0037751677852349,12,0.482065452526918,0.00138774377352022,0.016037635211696,0,1,0,26.8252514927085,350
"nb",5,4e+07,4,"TOX_exact_n1_k20_50",4768,0.054739932885906,0.00817953020134228,6.69230769230769,0.499912001407977,4.79992320122878e-05,0.466035211554173,0,1,0,144.335257877854,250
"nb",5,4e+07,4,"TOX_exact_n1_k30_70",4768,0.0539010067114094,0.00713087248322148,7.55882352941176,0.499702043248627,4.89791920065959e-05,0.617316371038291,0,1,0,142.883985573378,350
"nb",5,4e+07,4,"TOX_exact_n1_k40_70",4768,0.0539010067114094,0.00713087248322148,7.55882352941176,0.499702043248627,4.89791920065959e-05,0.641701354609895,0,1,0,142.883985573378,350
"nb",5,4e+07,4,"TOX_bootstrap_n0_k20_50",4768,0.0463506711409396,0.00629194630872483,7.36666666666667,0.48965103489651,0.0011998800119988,0.21606570917113,0,1,0,28.8516319584641,250
"nb",5,4e+07,4,"TOX_bootstrap_n0_k30_70",4768,0.0463506711409396,0.00629194630872483,7.36666666666667,0.487751224877512,0.0002999700029997,0.20192500998074,0,1,0,57.7292531275667,350
"nb",5,4e+07,4,"TOX_bootstrap_n0_k40_70",4768,0.0463506711409396,0.00629194630872483,7.36666666666667,0.487751224877512,0.0002999700029997,0.20192500998074,0,1,0,57.7292531275667,350
"nb",5,4e+07,4,"TOX_bootstrap_n1_k20_50",4768,0.054739932885906,0.00880872483221476,6.21428571428571,0.500749925007499,0.0001999800019998,0.752187814186432,0,1,0,70.7071424963561,250
"nb",5,4e+07,4,"TOX_bootstrap_n1_k30_70",4768,0.0545302013422819,0.00817953020134228,6.66666666666667,0.501749825017498,9.99900009999e-05,0.81854536164034,0,1,0,100,350
"nb",5,4e+07,4,"TOX_bootstrap_n1_k40_70",4768,0.0545302013422819,0.00817953020134228,6.66666666666667,0.501749825017498,9.99900009999e-05,0.839554807064608,0,1,0,100,350
"nb",5,4e+07,5,"edgeR",4767,0.0534927627438641,0.0109083280889448,4.90384615384615,0.493160028336453,0.000339057866823746,0.482246154737662,0,NA,NA,NA,NA
"nb",5,4e+07,5,"limma",4767,0.05202433396266,0.0111181036291168,4.67924528301887,0.489339624425413,0.000477149130287222,0.381143976351287,0,NA,NA,NA,NA
"nb",5,4e+07,5,"DESeq2",4767,0.0675477239353891,0.0195091252359975,3.46236559139785,0.48128570924885,2.45826313321801e-06,0.00244587575810905,2,NA,NA,NA,NA
"nb",5,4e+07,5,"TOX_exact_n0_k20_50",4767,0.0482483742395637,0.00629326620516048,7.66666666666667,0.47898433625062,1.59997440040959e-05,0.00220546889848474,0,1,0,250,250
"nb",5,4e+07,5,"TOX_exact_n0_k30_70",4767,0.0478288231592196,0.00461506188378435,10.3636363636364,0.477441000481629,8.16319866776598e-06,0.00270881003331633,1,1,0,350,350
"nb",5,4e+07,5,"TOX_exact_n0_k40_70",4767,0.0478288231592196,0.00461506188378435,10.3636363636364,0.477441000481629,8.16319866776598e-06,0.00270881003331633,1,1,0,350,350
"nb",5,4e+07,5,"TOX_exact_n1_k20_50",4767,0.0553807426054122,0.0121669813299769,4.55172413793103,0.492200124798003,9.59984640245756e-05,0.44661972445223,0,1,0,102.057990051408,250
"nb",5,4e+07,5,"TOX_exact_n1_k30_70",4767,0.0555905181455842,0.0115376547094609,4.81818181818182,0.492134758083607,0.000228569562697447,0.529677408405742,0,1,0,66.1364930600778,350
"nb",5,4e+07,5,"TOX_exact_n1_k40_70",4767,0.0555905181455842,0.0115376547094609,4.81818181818182,0.492134758083607,0.000228569562697447,0.529677408405742,0,1,0,66.1364930600778,350
"nb",5,4e+07,5,"TOX_bootstrap_n0_k20_50",4767,0.0503461296412838,0.00629326620516048,8,0.486251374862514,9.99900009999e-05,0.0625597363848426,0,1,0,100,250
"nb",5,4e+07,5,"TOX_bootstrap_n0_k30_70",4767,0.0490874764002517,0.00629326620516048,7.8,0.486151384861514,9.99900009999e-05,0.0631290291737244,0,1,0,100,350
"nb",5,4e+07,5,"TOX_bootstrap_n0_k40_70",4767,0.0490874764002517,0.00629326620516048,7.8,0.486151384861514,9.99900009999e-05,0.0631290291737244,0,1,0,100,350
"nb",5,4e+07,5,"TOX_bootstrap_n1_k20_50",4767,0.0560100692259283,0.013215859030837,4.23809523809524,0.493950604939506,0.0002999700029997,0.495590201508976,0,1,0,57.7292531275667,250
"nb",5,4e+07,5,"TOX_bootstrap_n1_k30_70",4767,0.0553807426054122,0.012796307950493,4.32786885245902,0.493850614938506,9.99900009999e-05,0.58476268790078,0,1,0,100,350
"nb",5,4e+07,5,"TOX_bootstrap_n1_k40_70",4767,0.0553807426054122,0.012796307950493,4.32786885245902,0.493850614938506,9.99900009999e-05,0.590203612625018,0,1,0,100,350
"lnpois",3,4e+07,1,"edgeR",4768,0.0583053691275168,0.0140520134228188,4.14925373134328,0.494263756949593,5.16343519324101e-05,0.245084629416485,0,NA,NA,NA,NA
"lnpois",3,4e+07,1,"limma",4768,0.0497063758389262,0.0113255033557047,4.38888888888889,0.514192600864507,0.000534887434735945,0.156906233940925,0,NA,NA,NA,NA
"lnpois",3,4e+07,1,"DESeq2",4768,0.0713087248322148,0.0199244966442953,3.57894736842105,0.478456483009888,0.000139831582610772,0.000463177075291164,0,NA,NA,NA,NA
"lnpois",3,4e+07,1,"TOX_exact_n0_k20_50",4768,0.0499161073825503,0.00713087248322148,7,0.484934002933203,4.44424692235901e-05,0.115221034791205,0,1,0,150,150
"lnpois",3,4e+07,1,"TOX_exact_n0_k30_70",4768,0.049496644295302,0.00629194630872483,7.86666666666667,0.487483277023197,4.53504455681277e-05,0.144832456254842,0,1,0,148.490740452056,210
"lnpois",3,4e+07,1,"TOX_exact_n0_k40_70",4768,0.0492869127516779,0.00587248322147651,8.39285714285714,0.487483277023197,4.53504455681277e-05,0.154692550389872,0,1,0,148.490740452056,210
"lnpois",3,4e+07,1,"TOX_exact_n1_k20_50",4768,0.0539010067114094,0.0146812080536913,3.67142857142857,0.504194115462562,4.44424692235901e-05,0.391163736307067,0,1,0,150,150
"lnpois",3,4e+07,1,"TOX_exact_n1_k30_70",4768,0.0513842281879195,0.013003355704698,3.95161290322581,0.507905977174929,2.26752227840639e-05,0.239496171703218,0,1,0,210,210
"lnpois",3,4e+07,1,"TOX_exact_n1_k40_70",4768,0.0513842281879195,0.0125838926174497,4.08333333333333,0.508661935103512,2.26752227840639e-05,0.239496171703218,0,1,0,210,210
"lnpois",3,4e+07,1,"TOX_bootstrap_n0_k20_50",4768,0.0509647651006711,0.00671140939597315,7.59375,0.486701329867013,0.0005999400059994,0.111274011586592,0,1,0,40.8146215630298,150
"lnpois",3,4e+07,1,"TOX_bootstrap_n0_k30_70",4768,0.0484479865771812,0.00608221476510067,7.96551724137931,0.487001299870013,0.0004999500049995,0.167488356510596,0,1,0,44.7124143834797,210
"lnpois",3,4e+07,1,"TOX_bootstrap_n0_k40_70",4768,0.048238255033557,0.00608221476510067,7.93103448275862,0.487001299870013,0.0004999500049995,0.211435470247863,0,1,0,44.7124143834797,210
"lnpois",3,4e+07,1,"TOX_bootstrap_n1_k20_50",4768,0.0534815436241611,0.0134228187919463,3.984375,0.503249675032497,0.0001999800019998,0.458536129459739,0,1,0,70.7071424963561,150
"lnpois",3,4e+07,1,"TOX_bootstrap_n1_k30_70",4768,0.0511744966442953,0.0119546979865772,4.28070175438596,0.506699330066993,0.0001999800019998,0.319560623242432,0,1,0,70.7071424963561,210
"lnpois",3,4e+07,1,"TOX_bootstrap_n1_k40_70",4768,0.0511744966442953,0.0119546979865772,4.28070175438596,0.507599240075992,0.0001999800019998,0.319560623242432,0,1,0,70.7071424963561,210
"lnpois",3,4e+07,2,"edgeR",4762,0.0625787484250315,0.0117597648047039,5.32142857142857,0.482175116702859,0.000533417275466278,0.0138468979790703,0,NA,NA,NA,NA
"lnpois",3,4e+07,2,"limma",4762,0.0533389332213356,0.00944981100377992,5.64444444444444,0.505574554523636,0.0003648946466741,0.897469276312989,0,NA,NA,NA,NA
"lnpois",3,4e+07,2,"DESeq2",4762,0.0747585048299034,0.0188996220075598,3.95555555555556,0.471266861782303,3.63028318651012e-06,1.22395341402678e-07,1,NA,NA,NA,NA
"lnpois",3,4e+07,2,"TOX_exact_n0_k20_50",4762,0.0516589668206636,0.00692986140277194,7.45454545454545,0.472712323896716,0.000444345700955343,0.000580380302158164,0,1,0,47.4288941469227,150
"lnpois",3,4e+07,2,"TOX_exact_n0_k30_70",4762,0.0512389752204956,0.00755984880302394,6.77777777777778,0.474365660642616,0.0016326160404526,0.000691033448676436,0,1,0,24.7288068634313,210
"lnpois",3,4e+07,2,"TOX_exact_n0_k40_70",4762,0.0508189836203276,0.00734985300293994,6.91428571428571,0.475159293440058,0.0016326160404526,0.000974140335717131,0,1,0,24.7288068634313,210
"lnpois",3,4e+07,2,"TOX_exact_n1_k20_50",4762,0.0564888702225955,0.0128097438051239,4.40983606557377,0.50135549531132,0.00017776987689436,0.417276717857535,0,1,0,74.9949998333222,150
"lnpois",3,4e+07,2,"TOX_exact_n1_k30_70",4762,0.0543889122217556,0.0117597648047039,4.625,0.504398993220108,0.000226747086299941,0.614056795516166,0,1,0,66.4018072043224,210
"lnpois",3,4e+07,2,"TOX_exact_n1_k40_70",4762,0.0535489290214196,0.0117597648047039,4.55357142857143,0.504557719779597,0.00029477789619283,0.495794107412269,0,1,0,58.235595775991,210
"lnpois",3,4e+07,2,"TOX_bootstrap_n0_k20_50",4762,0.0516589668206636,0.00734985300293994,7.02857142857143,0.46980301969803,0.0011998800119988,0.000225138880149007,0,1,0,28.8516319584641,150
"lnpois",3,4e+07,2,"TOX_bootstrap_n0_k30_70",4762,0.0503989920201596,0.00671986560268795,7.5,0.473452654734527,0.0012998700129987,0.00044784799625159,0,1,0,27.7183638100753,210
"lnpois",3,4e+07,2,"TOX_bootstrap_n0_k40_70",4762,0.0499790004199916,0.00650986980260395,7.67741935483871,0.473652634736526,0.0012998700129987,0.000586618593916596,0,1,0,27.7183638100753,210
"lnpois",3,4e+07,2,"TOX_bootstrap_n1_k20_50",4762,0.0556488870222596,0.0123897522049559,4.49152542372881,0.500399960004,0.0002999700029997,0.396957272049079,0,1,0,57.7292531275667,150
"lnpois",3,4e+07,2,"TOX_bootstrap_n1_k30_70",4762,0.0543889122217556,0.0109197816043679,4.98076923076923,0.502849715028497,0.0001999800019998,0.710726234426031,0,1,0,70.7071424963561,210
"lnpois",3,4e+07,2,"TOX_bootstrap_n1_k40_70",4762,0.0537589248215036,0.0109197816043679,4.92307692307692,0.503199680031997,0.0001999800019998,0.780503547383132,0,1,0,70.7071424963561,210
"lnpois",3,4e+07,3,"edgeR",4769,0.056405955126861,0.011532816104005,4.89090909090909,0.487158323446187,3.43568683006919e-05,0.00305974998547717,0,NA,NA,NA,NA
"lnpois",3,4e+07,3,"limma",4769,0.0484378276368211,0.00859719018662193,5.63414634146342,0.503206888397996,6.08581629926491e-05,0.832921481870357,0,NA,NA,NA,NA
"lnpois",3,4e+07,3,"DESeq2",4768,0.0681627516778524,0.0186661073825503,3.65168539325843,0.465518887420472,3.72028951536279e-06,3.81902795727184e-08,3,NA,NA,NA,NA
"lnpois",3,4e+07,3,"TOX_exact_n0_k20_50",4769,0.047808764940239,0.00566156426923883,8.44444444444444,0.476734367361451,0.00013332740767077,7.40021097096605e-05,0,1,0,86.5986912911121,150
"lnpois",3,4e+07,3,"TOX_exact_n0_k30_70",4769,0.0450828265883833,0.00461312644160201,9.77272727272727,0.475975601460284,9.07008911362554e-05,0.00048802577867172,0,1,0,104.996428510688,210
"lnpois",3,4e+07,3,"TOX_exact_n0_k40_70",4769,0.0450828265883833,0.00461312644160201,9.77272727272727,0.47656515725267,9.07008911362554e-05,0.000850653256577158,0,1,0,104.996428510688,210
"lnpois",3,4e+07,3,"TOX_exact_n1_k20_50",4769,0.0499056405955127,0.0113231285384777,4.40740740740741,0.49913337185014,5.55524693072607e-05,0.795997609138863,0,1,0,134.164078649987,150
"lnpois",3,4e+07,3,"TOX_exact_n1_k30_70",4769,0.047179702243657,0.0106940658418956,4.41176470588235,0.501235799641731,3.96809650410698e-05,0.887709608079363,0,1,0,158.745078663875,210
"lnpois",3,4e+07,3,"TOX_exact_n1_k40_70",4769,0.047179702243657,0.0102746907108408,4.59183673469388,0.503233998650847,3.96809650410698e-05,0.846843753679258,0,1,0,158.745078663875,210
"lnpois",3,4e+07,3,"TOX_bootstrap_n0_k20_50",4769,0.0469700146781296,0.00545187670371147,8.61538461538461,0.474852514748525,9.99900009999e-05,7.41861567146388e-05,0,1,0,100,150
"lnpois",3,4e+07,3,"TOX_bootstrap_n0_k30_70",4769,0.045502201719438,0.00440343887607465,10.3333333333333,0.477552244775522,9.99900009999e-05,0.000505677102307228,0,1,0,100,210
"lnpois",3,4e+07,3,"TOX_bootstrap_n0_k40_70",4769,0.0452925141539107,0.00440343887607465,10.2857142857143,0.478052194780522,9.99900009999e-05,0.000804873587864854,0,1,0,100,210
"lnpois",3,4e+07,3,"TOX_bootstrap_n1_k20_50",4769,0.0496959530299853,0.0104843782763682,4.74,0.4996500349965,9.99900009999e-05,0.781294001777438,0,1,0,100,150
"lnpois",3,4e+07,3,"TOX_bootstrap_n1_k30_70",4769,0.0469700146781296,0.0100650031453135,4.66666666666667,0.501849815018498,9.99900009999e-05,0.840366242522353,0,1,0,100,210
"lnpois",3,4e+07,3,"TOX_bootstrap_n1_k40_70",4769,0.0469700146781296,0.00985531557978612,4.76595744680851,0.503449655034497,9.99900009999e-05,0.872574715792347,0,1,0,100,210
"lnpois",3,4e+07,4,"edgeR",4751,0.0564091770153652,0.0111555462007998,5.05660377358491,0.48048093522236,0.000208315977687226,0.012257313356724,0,NA,NA,NA,NA
"lnpois",3,4e+07,4,"limma",4751,0.044832666806988,0.00989265417806777,4.53191489361702,0.498634088102268,0.000242432648108801,0.284534843626751,0,NA,NA,NA,NA
"lnpois",3,4e+07,4,"DESeq2",4751,0.0709324352767838,0.0172595243106714,4.10975609756098,0.464423894449726,2.83531073699604e-05,4.37190786218849e-08,0,NA,NA,NA,NA
"lnpois",3,4e+07,4,"TOX_exact_n0_k20_50",4751,0.0465165228372974,0.00799831614396969,5.81578947368421,0.470956846362384,4.44424692235901e-05,0.000572366859760639,0,1,0,150,150
"lnpois",3,4e+07,4,"TOX_exact_n0_k30_70",4751,0.0471479688486634,0.00589349610608293,8,0.474116233191991,0.0016326160404526,0.000717301865283553,0,1,0,24.7288068634313,210
"lnpois",3,4e+07,4,"TOX_exact_n0_k40_70",4751,0.0469374868448748,0.00589349610608293,7.96428571428571,0.475068592548922,0.0016326160404526,0.000902319923815246,0,1,0,24.7288068634313,210
"lnpois",3,4e+07,4,"TOX_exact_n1_k20_50",4751,0.0488318248789728,0.0124184382235319,3.93220338983051,0.500288876049953,4.44424692235901e-05,0.643838790690639,0,1,0,150,150
"lnpois",3,4e+07,4,"TOX_exact_n1_k30_70",4751,0.0488318248789728,0.0119974742159545,4.07017543859649,0.501780004988549,0.000113376113920319,0.305662959977298,0,1,0,93.9105957813068,210
"lnpois",3,4e+07,4,"TOX_exact_n1_k40_70",4751,0.0488318248789728,0.0119974742159545,4.07017543859649,0.502641663454343,0.000113376113920319,0.305662959977298,0,1,0,93.9105957813068,210
"lnpois",3,4e+07,4,"TOX_bootstrap_n0_k20_50",4751,0.0465165228372974,0.00694590612502631,6.6969696969697,0.46965303469653,0.0008999100089991,0.000262106867738521,0,1,0,33.3199973322661,150
"lnpois",3,4e+07,4,"TOX_bootstrap_n0_k30_70",4751,0.044832666806988,0.0052620500947169,8.52,0.474152584741526,0.0020997900209979,0.000768275542747876,0,1,0,21.7999563127566,210
"lnpois",3,4e+07,4,"TOX_bootstrap_n0_k40_70",4751,0.0446221848031993,0.0052620500947169,8.48,0.474352564743526,0.0020997900209979,0.000965473317960549,0,1,0,21.7999563127566,210
"lnpois",3,4e+07,4,"TOX_bootstrap_n1_k20_50",4751,0.0475689328562408,0.0117869922121659,4.03571428571429,0.497050294970503,9.99900009999e-05,0.611458782824797,0,1,0,100,150
"lnpois",3,4e+07,4,"TOX_bootstrap_n1_k30_70",4751,0.0486213428751842,0.0111555462007998,4.35849056603774,0.498650134986501,9.99900009999e-05,0.478691302209615,0,1,0,100,210
"lnpois",3,4e+07,4,"TOX_bootstrap_n1_k40_70",4751,0.0486213428751842,0.0111555462007998,4.35849056603774,0.499350064993501,9.99900009999e-05,0.478691302209615,0,1,0,100,210
"lnpois",3,4e+07,5,"edgeR",4752,0.0528198653198653,0.0136784511784512,3.86153846153846,0.492047762352516,0.000156900376895667,0.101015234023998,0,NA,NA,NA,NA
"lnpois",3,4e+07,5,"limma",4752,0.0471380471380471,0.007996632996633,5.89473684210526,0.509129372623295,0.000181467718997981,0.139638410816204,0,NA,NA,NA,NA
"lnpois",3,4e+07,5,"DESeq2",4752,0.0658670033670034,0.01746632996633,3.7710843373494,0.476639781664529,2.70107640490613e-05,0.000222013584202221,0,NA,NA,NA,NA
"lnpois",3,4e+07,5,"TOX_exact_n0_k20_50",4752,0.0462962962962963,0.00589225589225589,7.85714285714286,0.488822718990267,0.000222205762536108,0.122212134279073,0,1,0,67.0770701009915,150
"lnpois",3,4e+07,5,"TOX_exact_n0_k30_70",4752,0.0439814814814815,0.00568181818181818,7.74074074074074,0.491133987891431,0.000264536267922332,0.0970527269395963,0,1,0,61.475198251002,210
"lnpois",3,4e+07,5,"TOX_exact_n0_k40_70",4752,0.0439814814814815,0.00568181818181818,7.74074074074074,0.491156663114215,0.001065735470851,0.119757885510111,0,1,0,30.6156683568426,210
"lnpois",3,4e+07,5,"TOX_exact_n1_k20_50",4752,0.0528198653198653,0.0128367003367003,4.11475409836066,0.509088484956224,7.40685875120361e-05,0.30987569076496,0,1,0,116.189500386223,150
"lnpois",3,4e+07,5,"TOX_exact_n1_k30_70",4752,0.0505050505050505,0.0101010101010101,5,0.512119906578082,4.53504455681277e-05,0.108615773665776,0,1,0,148.490740452056,210
"lnpois",3,4e+07,5,"TOX_exact_n1_k40_70",4752,0.0496632996632997,0.0101010101010101,4.91666666666667,0.512811500872996,2.26752227840639e-05,0.108615773665776,0,1,0,210,210
"lnpois",3,4e+07,5,"TOX_bootstrap_n0_k20_50",4752,0.0448232323232323,0.00505050505050505,8.875,0.487651234876512,0.0011998800119988,0.064103938257494,0,1,0,28.8516319584641,150
"lnpois",3,4e+07,5,"TOX_bootstrap_n0_k30_70",4752,0.0422979797979798,0.00568181818181818,7.44444444444444,0.48985101489851,0.0015998400159984,0.175309120411938,0,1,0,24.9812429634716,210
"lnpois",3,4e+07,5,"TOX_bootstrap_n0_k40_70",4752,0.0422979797979798,0.00547138047138047,7.73076923076923,0.49025097490251,0.0015998400159984,0.198854468722413,0,1,0,24.9812429634716,210
"lnpois",3,4e+07,5,"TOX_bootstrap_n1_k20_50",4752,0.0534511784511785,0.0122053872053872,4.37931034482759,0.508349165083492,9.99900009999e-05,0.433564347423049,0,1,0,100,150
"lnpois",3,4e+07,5,"TOX_bootstrap_n1_k30_70",4752,0.0509259259259259,0.0105218855218855,4.84,0.50964903509649,0.0001999800019998,0.116785666900054,0,1,0,70.7071424963561,210
"lnpois",3,4e+07,5,"TOX_bootstrap_n1_k40_70",4752,0.0500841750841751,0.0105218855218855,4.76,0.511048895110489,9.99900009999e-05,0.116785666900054,0,1,0,100,210
"lnpois",5,4e+07,1,"edgeR",4762,0.0541789164216716,0.0144897102057959,3.73913043478261,0.482245279079696,0.000149536995170649,0.0149653576544264,0,NA,NA,NA,NA
"lnpois",5,4e+07,1,"limma",4762,0.0478790424191516,0.0111297774044519,4.30188679245283,0.504704472070186,0.000274998067595409,0.16827553450854,0,NA,NA,NA,NA
"lnpois",5,4e+07,1,"DESeq2",4757,0.0668488543199496,0.0174479714105529,3.83132530120482,0.470259129100743,9.52283789150521e-06,2.98551024050673e-06,1,NA,NA,NA,NA
"lnpois",5,4e+07,1,"TOX_exact_n0_k20_50",4762,0.0432591348173037,0.00419991600167997,10.3,0.466456536695413,6.39989760163837e-05,3.63633877406875e-06,0,1,0,124.996999963999,250
"lnpois",5,4e+07,1,"TOX_exact_n0_k30_70",4762,0.0426291474170517,0.00461990760184796,9.22727272727273,0.466792107819528,3.26527946710639e-05,2.18153622378078e-06,0,1,0,174.997857129737,350
"lnpois",5,4e+07,1,"TOX_exact_n0_k40_70",4762,0.0426291474170517,0.00461990760184796,9.22727272727273,0.466792107819528,3.26527946710639e-05,2.18153622378078e-06,0,1,0,174.997857129737,350
"lnpois",5,4e+07,1,"TOX_exact_n1_k20_50",4762,0.0487190256194876,0.0117597648047039,4.14285714285714,0.50300795187277,7.99987200204797e-05,0.162022461009043,0,1,0,111.79982110898,250
"lnpois",5,4e+07,1,"TOX_exact_n1_k30_70",4762,0.0480890382192356,0.0113397732045359,4.24074074074074,0.503044873103077,7.34687880098938e-05,0.181079718577815,0,1,0,116.662857080659,350
"lnpois",5,4e+07,1,"TOX_exact_n1_k40_70",4762,0.0480890382192356,0.0113397732045359,4.24074074074074,0.503044873103077,7.34687880098938e-05,0.181079718577815,0,1,0,116.662857080659,350
"lnpois",5,4e+07,1,"TOX_bootstrap_n0_k20_50",4762,0.0451490970180596,0.00650986980260395,6.93548387096774,0.47955204479552,9.99900009999e-05,0.0160768482164718,0,1,0,100,250
"lnpois",5,4e+07,1,"TOX_bootstrap_n0_k30_70",4762,0.0443091138177236,0.00671986560268795,6.59375,0.480651934806519,9.99900009999e-05,0.0154629197075015,0,1,0,100,350
"lnpois",5,4e+07,1,"TOX_bootstrap_n0_k40_70",4762,0.0443091138177236,0.00671986560268795,6.59375,0.480651934806519,9.99900009999e-05,0.0154629197075015,0,1,0,100,350
"lnpois",5,4e+07,1,"TOX_bootstrap_n1_k20_50",4762,0.0476690466190676,0.0113397732045359,4.2037037037037,0.501199880011999,0.0001999800019998,0.179794052665338,0,1,0,70.7071424963561,250
"lnpois",5,4e+07,1,"TOX_bootstrap_n1_k30_70",4762,0.0485090298194036,0.0119697606047879,4.05263157894737,0.501849815018498,0.0001999800019998,0.270676604900073,0,1,0,70.7071424963561,350
"lnpois",5,4e+07,1,"TOX_bootstrap_n1_k40_70",4762,0.0485090298194036,0.0119697606047879,4.05263157894737,0.501849815018498,0.0001999800019998,0.270676604900073,0,1,0,70.7071424963561,350
"lnpois",5,4e+07,2,"edgeR",4761,0.0642722117202268,0.0113421550094518,5.66666666666667,0.475762050810226,0.000165673648296992,6.86495403108785e-07,0,NA,NA,NA,NA
"lnpois",5,4e+07,2,"limma",4761,0.0537702163411048,0.00819155639571519,6.56410256410256,0.499840366476339,0.000424749455633908,0.154689471962818,0,NA,NA,NA,NA
"lnpois",5,4e+07,2,"DESeq2",4755,0.0765509989484753,0.0182965299684543,4.18390804597701,0.465514847418837,6.7300325295643e-06,2.23175792285109e-10,1,NA,NA,NA,NA
"lnpois",5,4e+07,2,"TOX_exact_n0_k20_50",4761,0.0497794580970384,0.00294055870615417,16.9285714285714,0.460776627573959,3.19994880081919e-05,7.65553182593672e-10,0,1,0,176.775281077418,250
"lnpois",5,4e+07,2,"TOX_exact_n0_k30_70",4761,0.0497794580970384,0.00252047889098929,19.75,0.460232977689978,0.000448975926727129,5.37781672312712e-10,0,1,0,47.1835872851027,350
"lnpois",5,4e+07,2,"TOX_exact_n0_k40_70",4761,0.0497794580970384,0.00252047889098929,19.75,0.460232977689978,0.000448975926727129,5.37781672312712e-10,0,1,0,47.1835872851027,350
"lnpois",5,4e+07,2,"TOX_exact_n1_k20_50",4761,0.0562906952320941,0.00924175593362739,6.09090909090909,0.500859965601376,4.79992320122878e-05,0.179975529981399,0,1,0,144.335257877854,250
"lnpois",5,4e+07,2,"TOX_exact_n1_k30_70",4761,0.056710775047259,0.00903171602604495,6.27906976744186,0.502550999583677,4.08159933388299e-05,0.203724497839402,0,1,0,156.522202897864,350
"lnpois",5,4e+07,2,"TOX_exact_n1_k40_70",4761,0.056710775047259,0.00903171602604495,6.27906976744186,0.502550999583677,4.08159933388299e-05,0.203724497839402,0,1,0,156.522202897864,350
"lnpois",5,4e+07,2,"TOX_bootstrap_n0_k20_50",4761,0.0512497374501155,0.00609115731989078,8.41379310344828,0.475452454754525,0.0001999800019998,2.41154869720465e-05,0,1,0,70.7071424963561,250
"lnpois",5,4e+07,2,"TOX_bootstrap_n0_k30_70",4761,0.0508296576349506,0.00651123713505566,7.80645161290323,0.476952304769523,9.99900009999e-05,2.38320137522685e-05,0,1,0,100,350
"lnpois",5,4e+07,2,"TOX_bootstrap_n0_k40_70",4761,0.0506196177273682,0.00651123713505566,7.7741935483871,0.477152284771523,9.99900009999e-05,2.41781020922237e-05,0,1,0,100,350
"lnpois",5,4e+07,2,"TOX_bootstrap_n1_k20_50",4761,0.0577609745851712,0.00945179584120983,6.11111111111111,0.5000499950005,9.99900009999e-05,0.16879845497837,0,1,0,100,250
"lnpois",5,4e+07,2,"TOX_bootstrap_n1_k30_70",4761,0.0562906952320941,0.00903171602604495,6.23255813953488,0.5003499650035,0.0004999500049995,0.256505221703068,0,1,0,44.7124143834797,350
"lnpois",5,4e+07,2,"TOX_bootstrap_n1_k40_70",4761,0.0562906952320941,0.00903171602604495,6.23255813953488,0.5003499650035,0.0004999500049995,0.256505221703068,0,1,0,44.7124143834797,350
"lnpois",5,4e+07,3,"edgeR",4772,0.057837384744342,0.0121542330259849,4.75862068965517,0.477929757122057,7.10706053591186e-06,0.000471420421408764,1,NA,NA,NA,NA
"lnpois",5,4e+07,3,"limma",4772,0.0444258172673931,0.0088013411567477,5.04761904761905,0.504635516836178,0.00017397307873525,0.794023592514276,0,NA,NA,NA,NA
"lnpois",5,4e+07,3,"DESeq2",4763,0.0646651270207852,0.0176359437329414,3.66666666666667,0.468217944500588,7.71943762476946e-05,2.18685599931763e-08,0,NA,NA,NA,NA
"lnpois",5,4e+07,3,"TOX_exact_n0_k20_50",4772,0.0458927074601844,0.0039815590947192,11.5263157894737,0.465592550519192,0.000319994880081919,3.89173931796351e-07,0,1,0,55.8932017333056,250
"lnpois",5,4e+07,3,"TOX_exact_n0_k30_70",4772,0.0435875943000838,0.00293378038558256,14.8571428571429,0.464518656990555,0.00176325091223745,5.79003332666143e-07,0,1,0,23.7935760082267,350
"lnpois",5,4e+07,3,"TOX_exact_n0_k40_70",4772,0.0435875943000838,0.00293378038558256,14.8571428571429,0.464518656990555,0.00176325091223745,5.79003332666143e-07,0,1,0,23.7935760082267,350
"lnpois",5,4e+07,3,"TOX_exact_n1_k20_50",4772,0.047569153394803,0.0104777870913663,4.54,0.503407945472872,0.000127997952032767,0.730769101185272,0,1,0,88.3833977622494,250
"lnpois",5,4e+07,3,"TOX_exact_n1_k30_70",4772,0.0448449287510478,0.00943000838222967,4.75555555555556,0.504579554452617,6.53055893421278e-05,0.696367094329229,0,1,0,123.740151123231,350
"lnpois",5,4e+07,3,"TOX_exact_n1_k40_70",4772,0.0448449287510478,0.00943000838222967,4.75555555555556,0.504579554452617,6.53055893421278e-05,0.696367094329229,0,1,0,123.740151123231,350
"lnpois",5,4e+07,3,"TOX_bootstrap_n0_k20_50",4772,0.047569153394803,0.00544844928751048,8.73076923076923,0.477702229777022,9.99900009999e-05,0.00425048183536839,0,1,0,100,250
"lnpois",5,4e+07,3,"TOX_bootstrap_n0_k30_70",4772,0.0442162615255658,0.00544844928751048,8.11538461538461,0.481151884811519,9.99900009999e-05,0.00414912817490234,0,1,0,100,350
"lnpois",5,4e+07,3,"TOX_bootstrap_n0_k40_70",4772,0.0442162615255658,0.00544844928751048,8.11538461538461,0.481151884811519,9.99900009999e-05,0.00414912817490234,0,1,0,100,350
"lnpois",5,4e+07,3,"TOX_bootstrap_n1_k20_50",4772,0.0471500419111484,0.010268231349539,4.59183673469388,0.503849615038496,0.0002999700029997,0.792491959020992,0,1,0,57.7292531275667,250
"lnpois",5,4e+07,3,"TOX_bootstrap_n1_k30_70",4772,0.0452640402347024,0.009639564124057,4.69565217391304,0.503599640035996,9.99900009999e-05,0.728122991842497,0,1,0,100,350
"lnpois",5,4e+07,3,"TOX_bootstrap_n1_k40_70",4772,0.0452640402347024,0.009639564124057,4.69565217391304,0.503599640035996,9.99900009999e-05,0.728122991842497,0,1,0,100,350
"lnpois",5,4e+07,4,"edgeR",4775,0.0594764397905759,0.0129842931937173,4.58064516129032,0.485640864382539,1.65460097805675e-05,0.00590669535628882,0,NA,NA,NA,NA
"lnpois",5,4e+07,4,"limma",4775,0.0479581151832461,0.0110994764397906,4.32075471698113,0.509557854056631,2.06335402359337e-05,0.405353623719805,0,NA,NA,NA,NA
"lnpois",5,4e+07,4,"DESeq2",4771,0.0785998742402012,0.019911968140851,3.94736842105263,0.465249466071518,3.75697033180942e-07,1.48458177497123e-10,2,NA,NA,NA,NA
"lnpois",5,4e+07,4,"TOX_exact_n0_k20_50",4775,0.043979057591623,0.0043979057591623,10,0.47402441560935,0.000191996928049151,4.53860107594397e-05,0,1,0,72.16243251628,250
"lnpois",5,4e+07,4,"TOX_exact_n0_k30_70",4775,0.0441884816753927,0.00418848167539267,10.55,0.473612460306446,0.000759177476102236,1.81353061721591e-05,0,1,0,36.2796782477938,350
"lnpois",5,4e+07,4,"TOX_exact_n0_k40_70",4775,0.0441884816753927,0.00418848167539267,10.55,0.473612460306446,0.000759177476102236,1.81353061721591e-05,0,1,0,36.2796782477938,350
"lnpois",5,4e+07,4,"TOX_exact_n1_k20_50",4775,0.0504712041884817,0.0115183246073298,4.38181818181818,0.511703812738996,1.59997440040959e-05,0.187750133354681,0,1,0,250,250
"lnpois",5,4e+07,4,"TOX_exact_n1_k30_70",4775,0.0506806282722513,0.0115183246073298,4.4,0.512616223541032,1.6326397335532e-05,0.220402029304262,0,1,0,247.486363260686,350
"lnpois",5,4e+07,4,"TOX_exact_n1_k40_70",4775,0.0506806282722513,0.0115183246073298,4.4,0.512616223541032,1.6326397335532e-05,0.207367404445122,0,1,0,247.486363260686,350
"lnpois",5,4e+07,4,"TOX_bootstrap_n0_k20_50",4775,0.0450261780104712,0.00670157068062827,6.71875,0.487551244875512,9.99900009999e-05,0.0147750841284561,0,1,0,100,250
"lnpois",5,4e+07,4,"TOX_bootstrap_n0_k30_70",4775,0.0450261780104712,0.00753926701570681,5.97222222222222,0.487751224877512,9.99900009999e-05,0.0151161629909632,0,1,0,100,350
"lnpois",5,4e+07,4,"TOX_bootstrap_n0_k40_70",4775,0.0450261780104712,0.00753926701570681,5.97222222222222,0.487751224877512,9.99900009999e-05,0.0151161629909632,0,1,0,100,350
"lnpois",5,4e+07,4,"TOX_bootstrap_n1_k20_50",4775,0.0498429319371728,0.0110994764397906,4.49056603773585,0.51024897510249,9.99900009999e-05,0.267606055125198,0,1,0,100,250
"lnpois",5,4e+07,4,"TOX_bootstrap_n1_k30_70",4775,0.0487958115183246,0.0106806282722513,4.56862745098039,0.512448755124488,9.99900009999e-05,0.427979152537244,0,1,0,100,350
"lnpois",5,4e+07,4,"TOX_bootstrap_n1_k40_70",4775,0.0487958115183246,0.0106806282722513,4.56862745098039,0.512448755124488,9.99900009999e-05,0.427979152537244,0,1,0,100,350
"lnpois",5,4e+07,5,"edgeR",4765,0.0637985309548793,0.0136411332633788,4.67692307692308,0.477411685032288,0.00022445346435063,0.00021538629927104,0,NA,NA,NA,NA
"lnpois",5,4e+07,5,"limma",4765,0.048688352570829,0.0111227701993704,4.37735849056604,0.497756050125105,0.000361952334427946,0.234298724156912,0,NA,NA,NA,NA
"lnpois",5,4e+07,5,"DESeq2",4761,0.0770846460827557,0.0201638311279143,3.82291666666667,0.461734985802414,8.16999037165843e-06,3.06684426909757e-09,1,NA,NA,NA,NA
"lnpois",5,4e+07,5,"TOX_exact_n0_k20_50",4765,0.05099685204617,0.00461699895068206,11.0454545454545,0.464232572278844,0.000319994880081919,7.22760581599831e-07,0,1,0,55.8932017333056,250
"lnpois",5,4e+07,5,"TOX_exact_n0_k30_70",4765,0.0505771248688353,0.00503672612801679,10.0416666666667,0.462061534191558,0.00016326397335532,1.13840845036475e-07,0,1,0,78.2563096497656,350
"lnpois",5,4e+07,5,"TOX_exact_n0_k40_70",4765,0.0505771248688353,0.00503672612801679,10.0416666666667,0.462061534191558,0.00016326397335532,1.13840845036475e-07,0,1,0,78.2563096497656,350
"lnpois",5,4e+07,5,"TOX_exact_n1_k20_50",4765,0.0503672612801679,0.0123819517313746,4.06779661016949,0.499496008063871,6.39989760163837e-05,0.383769096052465,0,1,0,124.996999963999,250
"lnpois",5,4e+07,5,"TOX_exact_n1_k30_70",4765,0.0507869884575026,0.0117523609653725,4.32142857142857,0.499767348837969,0.000130611178684256,0.414298829190113,0,1,0,87.4946426931386,350
"lnpois",5,4e+07,5,"TOX_exact_n1_k40_70",4765,0.0507869884575026,0.0117523609653725,4.32142857142857,0.499767348837969,0.000130611178684256,0.414298829190113,0,1,0,87.4946426931386,350
"lnpois",5,4e+07,5,"TOX_bootstrap_n0_k20_50",4765,0.0520461699895068,0.00755508919202518,6.88888888888889,0.478652134786521,9.99900009999e-05,0.00295763183300683,0,1,0,100,250
"lnpois",5,4e+07,5,"TOX_bootstrap_n0_k30_70",4765,0.0505771248688353,0.00797481636935992,6.34210526315789,0.476652334766523,9.99900009999e-05,0.0018477526566679,0,1,0,100,350
"lnpois",5,4e+07,5,"TOX_bootstrap_n0_k40_70",4765,0.0505771248688353,0.00797481636935992,6.34210526315789,0.476652334766523,9.99900009999e-05,0.0018477526566679,0,1,0,100,350
"lnpois",5,4e+07,5,"TOX_bootstrap_n1_k20_50",4765,0.0495278069254984,0.0121720881427072,4.06896551724138,0.498850114988501,0.0002999700029997,0.261564697661142,0,1,0,57.7292531275667,250
"lnpois",5,4e+07,5,"TOX_bootstrap_n1_k30_70",4765,0.0499475341028332,0.0113326337880378,4.40740740740741,0.499050094990501,0.0004999500049995,0.31628194162123,0,1,0,44.7124143834797,350
"lnpois",5,4e+07,5,"TOX_bootstrap_n1_k40_70",4765,0.0499475341028332,0.0113326337880378,4.40740740740741,0.499050094990501,0.0004999500049995,0.31628194162123,0,1,0,44.7124143834797,350
"tpois",3,4e+07,1,"edgeR",4705,0.0739638682252922,0.0116896918172157,6.32727272727273,0.425044958096645,0.00168272192393772,4.36346164966178e-27,0,NA,NA,NA,NA
"tpois",3,4e+07,1,"limma",4705,0.036769394261424,0.00233793836344315,15.7272727272727,0.462481877943835,0.00208773108573926,1.11604264805341e-07,0,NA,NA,NA,NA
"tpois",3,4e+07,1,"DESeq2",4576,0.0749562937062937,0.0227272727272727,3.29807692307692,0.47361479736193,2.0863855553923e-06,3.25857426240213e-07,7,NA,NA,NA,NA
"tpois",3,4e+07,1,"TOX_exact_n0_k20_50",4705,0.0896918172157279,0.00680127523910733,13.1875,0.380738633838496,4.44424692235901e-05,7.98948859455316e-64,0,1,0,150,150
"tpois",3,4e+07,1,"TOX_exact_n0_k30_70",4705,0.0854410201912859,0.00658873538788523,12.9677419354839,0.381419922450738,0.00317447720328558,4.214011773934e-60,0,1,0,17.7203978510642,210
"tpois",3,4e+07,1,"TOX_exact_n0_k40_70",4705,0.083740701381509,0.00658873538788523,12.7096774193548,0.382032153465908,0.00317447720328558,3.80555599402678e-59,0,1,0,17.7203978510642,210
"tpois",3,4e+07,1,"TOX_exact_n1_k20_50",4705,0.0860786397449522,0.0206163655685441,4.17525773195876,0.419136927247678,4.44424692235901e-05,1.66601798212487e-30,14,1,0,150,150
"tpois",3,4e+07,1,"TOX_exact_n1_k30_70",4705,0.0824654622741764,0.0210414452709883,3.91919191919192,0.424502845740459,2.26752227840639e-05,2.86861077968728e-28,5,1,0,210,210
"tpois",3,4e+07,1,"TOX_exact_n1_k40_70",4705,0.081615302869288,0.0210414452709883,3.87878787878788,0.425545905988526,2.26752227840639e-05,5.41035911638836e-27,5,1,0,210,210
"tpois",3,4e+07,1,"TOX_bootstrap_n0_k20_50",4705,0.0926673751328374,0.0108395324123273,8.54901960784314,0.383661633836616,0.0004999500049995,4.02994299207972e-59,0,1,0,44.7124143834797,150
"tpois",3,4e+07,1,"TOX_bootstrap_n0_k30_70",4705,0.0894792773645058,0.00871413390010627,10.2682926829268,0.384861513848615,0.0002999700029997,6.19060544157003e-56,0,1,0,57.7292531275667,210
"tpois",3,4e+07,1,"TOX_bootstrap_n0_k40_70",4705,0.0882040382571732,0.00871413390010627,10.1219512195122,0.385261473852615,0.0002999700029997,1.58456623807302e-54,0,1,0,57.7292531275667,210
"tpois",3,4e+07,1,"TOX_bootstrap_n1_k20_50",4705,0.0854410201912859,0.0248671625929862,3.43589743589744,0.425057494250575,9.99900009999e-05,8.05398707831655e-28,0,1,0,100,150
"tpois",3,4e+07,1,"TOX_bootstrap_n1_k30_70",4705,0.081615302869288,0.024442082890542,3.33913043478261,0.429157084291571,9.99900009999e-05,2.87930848111821e-25,0,1,0,100,210
"tpois",3,4e+07,1,"TOX_bootstrap_n1_k40_70",4705,0.0807651434643996,0.024442082890542,3.30434782608696,0.429457054294571,9.99900009999e-05,1.54459587140822e-23,0,1,0,100,210
"tpois",3,4e+07,2,"edgeR",4711,0.0798132031415835,0.0148588410104012,5.37142857142857,0.436659493878248,0.000132836256092927,4.5031647198926e-26,0,NA,NA,NA,NA
"tpois",3,4e+07,2,"limma",4711,0.0388452557843345,0.00318403735937168,12.2,0.463708051135301,0.00124098781878416,1.14692522524914e-06,0,NA,NA,NA,NA
"tpois",3,4e+07,2,"DESeq2",4585,0.122137404580153,0.0423118865866957,2.88659793814433,0.412429402287751,5.7202958197932e-07,4.89461528861058e-48,20,NA,NA,NA,NA
"tpois",3,4e+07,2,"TOX_exact_n0_k20_50",4711,0.0766291657822118,0.0046699214604118,16.4090909090909,0.431872722424673,0.000933291853695391,2.7299055667131e-22,0,1,0,32.7181324417545,150
"tpois",3,4e+07,2,"TOX_exact_n0_k30_70",4711,0.0738696667374231,0.00445765230312036,16.5714285714286,0.435069499557833,0.00478447200743747,8.87920568868162e-21,0,1,0,14.4225337119726,210
"tpois",3,4e+07,2,"TOX_exact_n0_k40_70",4711,0.0725960517936744,0.00424538314582891,17.1,0.436452688147661,0.00478447200743747,6.26539514783599e-20,0,1,0,14.4225337119726,210
"tpois",3,4e+07,2,"TOX_exact_n1_k20_50",4711,0.0725960517936744,0.0161324559541499,4.5,0.470690191547042,8.88849384471801e-05,4.2963479325259e-07,0,1,0,106.063660129188,150
"tpois",3,4e+07,2,"TOX_exact_n1_k30_70",4711,0.0689874761197198,0.013797495223944,5,0.475635473118523,0.000521530124033469,5.39378715120972e-05,0,1,0,43.7771034058753,210
"tpois",3,4e+07,2,"TOX_exact_n1_k40_70",4711,0.0670770537040968,0.0133729569093611,5.01587301587302,0.47790299539693,0.000521530124033469,0.000252311192529319,0,1,0,43.7771034058753,210
"tpois",3,4e+07,2,"TOX_bootstrap_n0_k20_50",4711,0.0783273190405434,0.00806622797707493,9.71052631578947,0.443955604439556,0.0028997100289971,8.52149254709067e-17,0,1,0,18.5435182466952,150
"tpois",3,4e+07,2,"TOX_bootstrap_n0_k30_70",4711,0.0742942050520059,0.00742942050520059,10,0.446055394460554,0.0014998500149985,1.08976417541644e-14,0,1,0,25.801808722129,210
"tpois",3,4e+07,2,"TOX_bootstrap_n0_k40_70",4711,0.0730205901082573,0.00721715134790915,10.1176470588235,0.447955204479552,0.0014998500149985,1.0042312848195e-13,0,1,0,25.801808722129,210
"tpois",3,4e+07,2,"TOX_bootstrap_n1_k20_50",4711,0.0764168966249204,0.0227127998301847,3.36448598130841,0.489451054894511,9.99900009999e-05,0.000185584907992355,0,1,0,100,150
"tpois",3,4e+07,2,"TOX_bootstrap_n1_k30_70",4711,0.0717469751645086,0.0216514540437274,3.31372549019608,0.497550244975502,0.0001999800019998,0.0137805880094903,0,1,0,70.7071424963561,210
"tpois",3,4e+07,2,"TOX_bootstrap_n1_k40_70",4711,0.070048821906177,0.0201655699426873,3.47368421052632,0.500849915008499,0.0001999800019998,0.0290087438777864,0,1,0,70.7071424963561,210
"tpois",3,4e+07,3,"edgeR",4626,0.0767401642888024,0.0151318633808906,5.07142857142857,0.43605285720545,0.000583819266473973,8.92218207641147e-20,0,NA,NA,NA,NA
"tpois",3,4e+07,3,"limma",4626,0.0380458279290964,0.00259403372243839,14.6666666666667,0.470856061125466,0.00272868862730726,9.61531728092076e-05,0,NA,NA,NA,NA
"tpois",3,4e+07,3,"DESeq2",4511,0.0758146752383064,0.0226113943693194,3.35294117647059,0.473714182757159,2.15548874611204e-07,1.66533442221068e-05,3,NA,NA,NA,NA
"tpois",3,4e+07,3,"TOX_exact_n0_k20_50",4626,0.0523130134025076,0.00389105058365759,13.4444444444444,0.529887560552864,0.000577752099906671,4.25812244840157e-06,0,1,0,41.5914192333726,150
"tpois",3,4e+07,3,"TOX_exact_n0_k30_70",4626,0.0544747081712062,0.00345871162991786,15.75,0.528661481599057,0.00029477789619283,4.25252132719732e-06,0,1,0,58.235595775991,210
"tpois",3,4e+07,3,"TOX_exact_n0_k40_70",4626,0.0540423692174665,0.00281020319930826,19.2307692307692,0.528661481599057,0.00029477789619283,3.93800542888933e-06,0,1,0,58.235595775991,210
"tpois",3,4e+07,3,"TOX_exact_n1_k20_50",4626,0.0471249459576308,0.0140510159965413,3.35384615384615,0.568352517665881,4.44424692235901e-05,2.43515585618334e-26,14,1,0,150,150
"tpois",3,4e+07,3,"TOX_exact_n1_k30_70",4626,0.0473411154345006,0.0138348465196714,3.421875,0.570690007029319,2.26752227840639e-05,1.62143198320071e-27,7,1,0,210,210
"tpois",3,4e+07,3,"TOX_exact_n1_k40_70",4626,0.0471249459576308,0.0138348465196714,3.40625,0.571188861930569,2.26752227840639e-05,8.3919592557022e-28,5,1,0,210,210
"tpois",3,4e+07,3,"TOX_bootstrap_n0_k20_50",4626,0.0477734543882404,0.00432338953739732,11.05,0.498050194980502,0.0002999700029997,0.806527571404789,0,1,0,57.7292531275667,150
"tpois",3,4e+07,3,"TOX_bootstrap_n0_k30_70",4626,0.0495028102031993,0.00432338953739732,11.45,0.499450054994501,9.99900009999e-05,0.547533266652225,0,1,0,100,210
"tpois",3,4e+07,3,"TOX_bootstrap_n0_k40_70",4626,0.0490704712494596,0.00389105058365759,12.6111111111111,0.499600039996,9.99900009999e-05,0.466808032068049,0,1,0,100,210
"tpois",3,4e+07,3,"TOX_bootstrap_n1_k20_50",4626,0.0393428447903156,0.012970168612192,3.03333333333333,0.527247275272473,9.99900009999e-05,1.0722688082132e-14,0,1,0,100,150
"tpois",3,4e+07,3,"TOX_bootstrap_n1_k30_70",4626,0.0384781668828361,0.0114569822741029,3.35849056603774,0.528597140285971,9.99900009999e-05,6.54077499512714e-16,0,1,0,100,210
"tpois",3,4e+07,3,"TOX_bootstrap_n1_k40_70",4626,0.0384781668828361,0.0114569822741029,3.35849056603774,0.528597140285971,9.99900009999e-05,3.09319761322676e-16,0,1,0,100,210
"tpois",3,4e+07,4,"edgeR",4660,0.078755364806867,0.0111587982832618,7.05769230769231,0.439707875469863,0.00272713587804034,3.07634878489786e-23,0,NA,NA,NA,NA
"tpois",3,4e+07,4,"limma",4660,0.0381974248927039,0.001931330472103,19.7777777777778,0.469338908085242,0.00331148872854206,0.000132369561751263,0,NA,NA,NA,NA
"tpois",3,4e+07,4,"DESeq2",4555,0.0761800219538968,0.0239297475301866,3.18348623853211,0.485273135241944,3.61739633012898e-06,2.2989282738438e-06,2,NA,NA,NA,NA
"tpois",3,4e+07,4,"TOX_exact_n0_k20_50",4660,0.0710300429184549,0.00429184549356223,16.55,0.419181369716901,0.000111098766803688,4.18457177060729e-31,0,1,0,94.8683298050514,150
"tpois",3,4e+07,4,"TOX_exact_n0_k30_70",4660,0.0703862660944206,0.00450643776824034,15.6190476190476,0.42110648454047,0.00181401782272511,8.30205511549316e-29,0,1,0,23.4576746503143,210
"tpois",3,4e+07,4,"TOX_exact_n0_k40_70",4660,0.0695278969957082,0.00429184549356223,16.2,0.421895195120292,0.00181401782272511,4.38390189217288e-28,0,1,0,23.4576746503143,210
"tpois",3,4e+07,4,"TOX_exact_n1_k20_50",4660,0.0757510729613734,0.0169527896995708,4.46835443037975,0.455735300653304,4.44424692235901e-05,8.78051137635634e-09,0,1,0,150,150
"tpois",3,4e+07,4,"TOX_exact_n1_k30_70",4660,0.0708154506437768,0.0150214592274678,4.71428571428571,0.460669826081041,2.26752227840639e-05,7.22963285431969e-08,0,1,0,210,210
"tpois",3,4e+07,4,"TOX_exact_n1_k40_70",4660,0.0701716738197425,0.0141630901287554,4.95454545454545,0.461032629645586,2.26752227840639e-05,2.77390376135151e-07,0,1,0,210,210
"tpois",3,4e+07,4,"TOX_bootstrap_n0_k20_50",4660,0.0669527896995708,0.00450643776824034,14.8571428571429,0.419108089191081,0.0001999800019998,1.05335193554251e-30,0,1,0,70.7071424963561,150
"tpois",3,4e+07,4,"TOX_bootstrap_n0_k30_70",4660,0.067381974248927,0.00600858369098712,11.2142857142857,0.423407659234077,0.0001999800019998,1.07211066056106e-28,0,1,0,70.7071424963561,210
"tpois",3,4e+07,4,"TOX_bootstrap_n0_k40_70",4660,0.0665236051502146,0.0055793991416309,11.9230769230769,0.424757524247575,0.0001999800019998,2.91144422320812e-28,0,1,0,70.7071424963561,210
"tpois",3,4e+07,4,"TOX_bootstrap_n1_k20_50",4660,0.0751072961373391,0.021244635193133,3.53535353535354,0.459154084591541,9.99900009999e-05,3.21963583237602e-08,0,1,0,100,150
"tpois",3,4e+07,4,"TOX_bootstrap_n1_k30_70",4660,0.0708154506437768,0.0190987124463519,3.70786516853933,0.464253574642536,9.99900009999e-05,3.38306492223885e-07,0,1,0,100,210
"tpois",3,4e+07,4,"TOX_bootstrap_n1_k40_70",4660,0.0701716738197425,0.0178111587982833,3.93975903614458,0.465853414658534,9.99900009999e-05,8.89056277877162e-07,0,1,0,100,210
"tpois",3,4e+07,5,"edgeR",4600,0.0743478260869565,0.0141304347826087,5.26153846153846,0.433870676344003,0.000513680338591824,6.28160530003641e-20,0,NA,NA,NA,NA
"tpois",3,4e+07,5,"limma",4600,0.0347826086956522,0.00326086956521739,10.6666666666667,0.47142186874971,0.0006060427185842,4.59502507741212e-05,0,NA,NA,NA,NA
"tpois",3,4e+07,5,"DESeq2",4486,0.0711101203744984,0.0187249219794918,3.79761904761905,0.483303094845985,1.13855071291202e-05,0.000611740713670342,4,NA,NA,NA,NA
"tpois",3,4e+07,5,"TOX_exact_n0_k20_50",4600,0.0193478260869565,0.000434782608695652,44.5,0.580685302875428,0.0067108128527621,2.02187140762153e-69,0,1,0,12.1660694159253,150
"tpois",3,4e+07,5,"TOX_exact_n0_k30_70",4600,0.02,0.000869565217391304,23,0.58029296387837,0.00478447200743747,2.93967164495424e-67,0,1,0,14.4225337119726,210
"tpois",3,4e+07,5,"TOX_exact_n0_k40_70",4600,0.02,0.000869565217391304,23,0.58029296387837,0.00478447200743747,2.93967164495424e-67,0,1,0,14.4225337119726,210
"tpois",3,4e+07,5,"TOX_exact_n1_k20_50",4600,0.0134782608695652,0.00521739130434783,2.58333333333333,0.630083107417448,4.44424692235901e-05,1.90528719541644e-256,0,1,0,150,150
"tpois",3,4e+07,5,"TOX_exact_n1_k30_70",4600,0.0132608695652174,0.00478260869565217,2.77272727272727,0.628693226910954,2.26752227840639e-05,6.56391534896074e-256,0,1,0,210,210
"tpois",3,4e+07,5,"TOX_exact_n1_k40_70",4600,0.0128260869565217,0.00456521739130435,2.80952380952381,0.628693226910954,2.26752227840639e-05,6.56391534896074e-256,0,1,0,210,210
"tpois",3,4e+07,5,"TOX_bootstrap_n0_k20_50",4600,0.00456521739130435,0.000869565217391304,5.25,0.561693830616938,0.0001999800019998,6.92891547314022e-45,0,1,0,70.7071424963561,150
"tpois",3,4e+07,5,"TOX_bootstrap_n0_k30_70",4600,0.00543478260869565,0.00108695652173913,5,0.562193780621938,9.99900009999e-05,5.77810699414524e-45,0,1,0,100,210
"tpois",3,4e+07,5,"TOX_bootstrap_n0_k40_70",4600,0.00521739130434783,0.00108695652173913,4.8,0.562193780621938,9.99900009999e-05,3.78602911541514e-45,0,1,0,100,210
"tpois",3,4e+07,5,"TOX_bootstrap_n1_k20_50",4600,0.00978260869565217,0.00304347826086957,3.21428571428571,0.658134186581342,0.0006999300069993,1.29040910425872e-194,0,1,0,37.7851066653819,150
"tpois",3,4e+07,5,"TOX_bootstrap_n1_k30_70",4600,0.00956521739130435,0.00239130434782609,4,0.657484251574842,0.0016998300169983,1.53179884109278e-194,0,1,0,24.2341518862753,210
"tpois",3,4e+07,5,"TOX_bootstrap_n1_k40_70",4600,0.00956521739130435,0.00195652173913043,4.88888888888889,0.657484251574842,0.0027997200279972,1.53179884109278e-194,0,1,0,18.8726938042393,210
"tpois",5,4e+07,1,"limma",4314,0.305980528511822,0.156467315716273,1.95555555555556,0.182745706583254,1.95392242227759e-06,0,555,NA,NA,NA,NA
"tpois",5,4e+07,1,"TOX_exact_n0_k20_50",4314,0.993741307371349,0.389661566991191,2.55026769779893,0.0120395184192632,3.99984000639974e-05,0,4286,1,0,158.113883008419,100
"tpois",5,4e+07,1,"TOX_exact_n0_k30_70",4314,0.996754751970329,0.375753361149745,2.652683528686,0.0143044894382964,1.90472562427382e-05,0,4300,1,0,229.128784747792,150
"tpois",5,4e+07,1,"TOX_exact_n0_k40_70",4314,0.995363931386185,0.372276309689383,2.67372353673724,0.014299795717204,1.4285510206997e-05,0,4294,1,0,264.575131106459,200
"tpois",5,4e+07,1,"TOX_exact_n1_k20_50",4314,0.998145572554474,0.997218358831711,1.00092980009298,3.99984000639974e-05,1.59997440040959e-05,0,4306,1,0,250,100
"tpois",5,4e+07,1,"TOX_exact_n1_k30_70",4314,0.998840982846546,0.997218358831711,1.00162715016271,1.90472562427382e-05,8.16319866776598e-06,0,4309,1,0,350,150
"tpois",5,4e+07,1,"TOX_exact_n1_k40_70",4314,0.998840982846546,0.997218358831711,1.00162715016271,1.4285510206997e-05,8.16319866776598e-06,0,4309,1,0,350,200
"tpois",5,4e+07,1,"TOX_bootstrap_n0_k20_50",4314,0.998145572554474,0.80551692165044,1.23913669064748,0.0048995100489951,9.99900009999e-05,0,4306,1,0,100,100
"tpois",5,4e+07,1,"TOX_bootstrap_n0_k30_70",4314,0.999536393138618,0.787668057487251,1.26898175397293,0.0052994700529947,0.0001999800019998,0,4312,1,0,70.7071424963561,150
"tpois",5,4e+07,1,"TOX_bootstrap_n0_k40_70",4314,0.999536393138618,0.783263792304126,1.27611719443622,0.0052994700529947,0.0001999800019998,0,4312,1,0,70.7071424963561,200
"tpois",5,4e+07,1,"TOX_bootstrap_n1_k20_50",4314,0.998145572554474,0.997450162262401,1.00069718800837,9.99900009999e-05,9.99900009999e-05,0,4306,1,0,100,100
"tpois",5,4e+07,1,"TOX_bootstrap_n1_k30_70",4314,0.998377375985165,0.997450162262401,1.00092958401116,9.99900009999e-05,9.99900009999e-05,0,4307,1,0,100,150
"tpois",5,4e+07,1,"TOX_bootstrap_n1_k40_70",4314,0.998377375985165,0.997450162262401,1.00092958401116,9.99900009999e-05,9.99900009999e-05,0,4307,1,0,100,200
"tpois",5,4e+07,2,"edgeR",4267,0.626435434731662,0.446215139442231,1.40388655462185,0.0163547385195643,2.97504406668126e-06,0,2394,NA,NA,NA,NA
"tpois",5,4e+07,2,"limma",4267,0.5718303257558,0.45746426060464,1.25,0.0192978399709454,7.83727623363124e-27,0,2231,NA,NA,NA,NA
"tpois",5,4e+07,2,"TOX_exact_n0_k20_50",4267,0.995078509491446,0.389500820248418,2.55475330926594,0.0120395184192632,3.1998976032767e-05,0,4246,1,0,176.776695296637,100
"tpois",5,4e+07,2,"TOX_exact_n0_k30_70",4267,0.999062573236466,0.309350831966253,3.22954545454545,0.0143044894382964,1.90472562427382e-05,0,4263,1,0,229.128784747792,150
"tpois",5,4e+07,2,"TOX_exact_n0_k40_70",4267,0.999062573236466,0.306304194984767,3.26166794185157,0.014299795717204,1.4285510206997e-05,0,4263,1,0,264.575131106459,200
"tpois",5,4e+07,2,"TOX_exact_n1_k20_50",4267,0.997187719709398,0.99531286618233,1.00188368259948,3.99984000639974e-05,1.59997440040959e-05,0,4255,1,0,250,100
"tpois",5,4e+07,2,"TOX_exact_n1_k30_70",4267,0.998359503163815,0.995547222873213,1.00282485875706,1.90472562427382e-05,8.16319866776598e-06,0,4260,1,0,350,150
"tpois",5,4e+07,2,"TOX_exact_n1_k40_70",4267,0.998359503163815,0.995547222873213,1.00282485875706,1.4285510206997e-05,8.16319866776598e-06,0,4260,1,0,350,200
"tpois",5,4e+07,2,"TOX_bootstrap_n0_k20_50",4267,0.997890789782048,0.851886571361612,1.17138927097662,0.0044995500449955,9.99900009999e-05,0,4258,1,0,100,100
"tpois",5,4e+07,2,"TOX_bootstrap_n0_k30_70",4267,0.998359503163815,0.841340520271854,1.1866295264624,0.0048995100489951,9.99900009999e-05,0,4260,1,0,100,150
"tpois",5,4e+07,2,"TOX_bootstrap_n0_k40_70",4267,0.998359503163815,0.837590813217717,1.19194180190263,0.004999500049995,9.99900009999e-05,0,4260,1,0,100,200
"tpois",5,4e+07,2,"TOX_bootstrap_n1_k20_50",4267,0.998359503163815,0.99601593625498,1.00235294117647,9.99900009999e-05,9.99900009999e-05,0,4260,1,0,100,100
"tpois",5,4e+07,2,"TOX_bootstrap_n1_k30_70",4267,0.998359503163815,0.996484649636747,1.00188146754468,9.99900009999e-05,9.99900009999e-05,0,4260,1,0,100,150
"tpois",5,4e+07,2,"TOX_bootstrap_n1_k40_70",4267,0.998359503163815,0.996484649636747,1.00188146754468,9.99900009999e-05,9.99900009999e-05,0,4260,1,0,100,200
"tpois",5,4e+07,4,"edgeR",4214,0.17062173706692,0.0555291884195539,3.07264957264957,0.281906286629432,2.35272392778649e-05,1.04652812647897e-191,0,NA,NA,NA,NA
"tpois",5,4e+07,4,"limma",4214,0.842429995253915,0.781917418130043,1.07738998482549,3.03039215031959e-06,4.44799435555041e-14,0,3528,NA,NA,NA,NA
"tpois",5,4e+07,4,"DESeq2",3879,0.279711265790152,0.0876514565609693,3.19117647058824,0.142496290750651,4.76843603097831e-16,0,147,NA,NA,NA,NA
"tpois",5,4e+07,4,"TOX_exact_n0_k20_50",4214,0.864973896535358,0.163502610346464,5.29027576197388,0.0200391984320627,3.99984000639974e-05,0,3618,1,0,158.113883008419,100
"tpois",5,4e+07,4,"TOX_exact_n0_k30_70",4214,0.865923113431419,0.147603227337447,5.86655948553055,0.0200186663111179,0.00286528273238586,0,3649,1,0,18.6549108281358,150
"tpois",5,4e+07,4,"TOX_exact_n0_k40_70",4214,0.865923113431419,0.147365923113431,5.87600644122383,0.0200139998000029,0.00286528273238586,0,3649,1,0,18.6549108281358,200
"tpois",5,4e+07,4,"TOX_exact_n1_k20_50",4214,0.91172282866635,0.896298054105363,1.01720942546995,3.99984000639974e-05,1.59997440040959e-05,0,3830,1,0,250,100
"tpois",5,4e+07,4,"TOX_exact_n1_k30_70",4214,0.911960132890365,0.895823445657333,1.01801324503311,1.90472562427382e-05,8.16319866776598e-06,0,3832,1,0,350,150
"tpois",5,4e+07,4,"TOX_exact_n1_k40_70",4214,0.911960132890365,0.895823445657333,1.01801324503311,1.4285510206997e-05,8.16319866776598e-06,0,3831,1,0,350,200
"tpois",5,4e+07,4,"TOX_bootstrap_n0_k20_50",4214,0.864973896535358,0.478405315614618,1.80803571428571,0.0103989601039896,0.0002999700029997,0,3644,1,0,57.7292531275667,100
"tpois",5,4e+07,4,"TOX_bootstrap_n0_k30_70",4214,0.865685809207404,0.452539155196963,1.91295228106974,0.0106989301069893,0.0006999300069993,0,3646,1,0,37.7851066653819,150
"tpois",5,4e+07,4,"TOX_bootstrap_n0_k40_70",4214,0.865685809207404,0.452064546748932,1.91496062992126,0.0106989301069893,0.0006999300069993,0,3646,1,0,37.7851066653819,200
"tpois",5,4e+07,4,"TOX_bootstrap_n1_k20_50",4214,0.919553868058851,0.879449454200285,1.0456017269293,9.99900009999e-05,9.99900009999e-05,0,3862,1,0,100,100
"tpois",5,4e+07,4,"TOX_bootstrap_n1_k30_70",4214,0.920265780730897,0.878974845752254,1.04697624190065,9.99900009999e-05,9.99900009999e-05,0,3860,1,0,100,150
"tpois",5,4e+07,4,"TOX_bootstrap_n1_k40_70",4214,0.920265780730897,0.878974845752254,1.04697624190065,9.99900009999e-05,9.99900009999e-05,0,3860,1,0,100,200
"tpois",5,4e+07,5,"edgeR",3245,0.124807395993837,0.0391371340523883,3.18897637795276,0.392675310314184,3.62711977765398e-05,6.23805732030928e-39,0,NA,NA,NA,NA
"tpois",5,4e+07,5,"limma",3245,0.0637904468412943,0.0101694915254237,6.27272727272727,0.432193228746651,0.000662657287311816,5.55323470632054e-16,0,NA,NA,NA,NA
"tpois",5,4e+07,5,"DESeq2",3087,0.0570132815030774,0.0113378684807256,5.02857142857143,0.490675216147067,0.000114921617100551,0.899744879375418,0,NA,NA,NA,NA
"tpois",5,4e+07,5,"TOX_exact_n0_k20_50",3245,0.267796610169492,0.0061633281972265,43.45,0.127165965344554,0.00401593574502808,0,0,1,0,15.7482687342924,250
"tpois",5,4e+07,5,"TOX_exact_n0_k30_70",3245,0.269645608628659,0.00462249614791988,58.3333333333333,0.126717332919731,0.00286528273238586,0,0,1,0,18.6549108281358,350
"tpois",5,4e+07,5,"TOX_exact_n0_k40_70",3245,0.269645608628659,0.00462249614791988,58.3333333333333,0.126717332919731,0.00286528273238586,0,0,1,0,18.6549108281358,350
"tpois",5,4e+07,5,"TOX_exact_n1_k20_50",3245,0.410169491525424,0.179661016949153,2.28301886792453,0.0681749092014528,1.59997440040959e-05,0,555,1,0,250,250
"tpois",5,4e+07,5,"TOX_exact_n1_k30_70",3245,0.410785824345146,0.179352850539291,2.29037800687285,0.0678851601211419,8.16319866776598e-06,0,555,1,0,350,350
"tpois",5,4e+07,5,"TOX_exact_n1_k40_70",3245,0.410785824345146,0.179352850539291,2.29037800687285,0.0678851601211419,8.16319866776598e-06,0,555,1,0,350,350
"tpois",5,4e+07,5,"TOX_bootstrap_n0_k20_50",3245,0.243759630200308,0.00770416024653313,31.64,0.134886511348865,0.0005999400059994,0,0,1,0,40.8146215630298,250
"tpois",5,4e+07,5,"TOX_bootstrap_n0_k30_70",3245,0.243759630200308,0.00801232665639445,30.4230769230769,0.133286671332867,0.0002999700029997,0,0,1,0,57.7292531275667,350
"tpois",5,4e+07,5,"TOX_bootstrap_n0_k40_70",3245,0.243759630200308,0.00801232665639445,30.4230769230769,0.133286671332867,0.0002999700029997,0,0,1,0,57.7292531275667,350
"tpois",5,4e+07,5,"TOX_bootstrap_n1_k20_50",3245,0.360246533127889,0.166409861325116,2.16481481481481,0.0895910408959104,9.99900009999e-05,0,483,1,0,100,250
"tpois",5,4e+07,5,"TOX_bootstrap_n1_k30_70",3245,0.358705701078582,0.167950693374422,2.13577981651376,0.0892910708929107,9.99900009999e-05,0,481,1,0,100,350
"tpois",5,4e+07,5,"TOX_bootstrap_n1_k40_70",3245,0.358705701078582,0.167950693374422,2.13577981651376,0.0892910708929107,9.99900009999e-05,0,481,1,0,100,350
"bimodal",3,4e+07,1,"edgeR",4754,0.0012620950778292,0.001051745898191,1.2,0.76586314747255,2.25584857322547e-08,0,5,NA,NA,NA,NA
"bimodal",3,4e+07,1,"limma",4754,0.0294488851493479,0.00231384097602019,12.7272727272727,0.31590053352663,4.77360552656107e-10,2.4036261227726e-158,5,NA,NA,NA,NA
"bimodal",3,4e+07,1,"DESeq2",4594,0.00108837614279495,0.00108837614279495,1,0.927255572449219,2.33544911904294e-26,0,5,NA,NA,NA,NA
"bimodal",3,4e+07,1,"TOX_exact_n0_k20_50",4754,0.0124106015986538,0.0012620950778292,9.83333333333333,0.438804219604158,4.44424692235901e-05,5.53210513323103e-32,0,1,0,150,90
"bimodal",3,4e+07,1,"TOX_exact_n0_k30_70",4754,0.00883466554480438,0.0012620950778292,7,0.449430689119646,2.26752227840639e-05,1.83256615345099e-29,0,1,0,210,165
"bimodal",3,4e+07,1,"TOX_exact_n0_k40_70",4754,0.00736222128733698,0.0012620950778292,5.83333333333333,0.460561037468544,2.26752227840639e-05,2.13961960472943e-35,0,1,0,210,210
"bimodal",3,4e+07,1,"TOX_exact_n1_k20_50",4754,0.0353386621792175,0.00967606226335717,3.65217391304348,0.440147523996327,4.44424692235901e-05,1.46881763302545e-105,0,1,0,150,90
"bimodal",3,4e+07,1,"TOX_exact_n1_k30_70",4754,0.0342869162810265,0.00841396718552798,4.075,0.451698232991218,2.26752227840639e-05,4.86988573598903e-106,0,1,0,210,150
"bimodal",3,4e+07,1,"TOX_exact_n1_k40_70",4754,0.0342869162810265,0.00588977702986958,5.82142857142857,0.462359130178454,2.26752227840639e-05,9.0832167303981e-99,5,1,0,210,210
"bimodal",3,4e+07,1,"TOX_bootstrap_n0_k20_50",4754,0.0283971392511569,0.00820361800588978,3.46153846153846,0.672182781721828,9.99900009999e-05,2.5956057668662e-126,0,1,0,100,90
"bimodal",3,4e+07,1,"TOX_bootstrap_n0_k30_70",4754,0.0296592343289861,0.00610012620950778,4.86206896551724,0.693680631936806,9.99900009999e-05,1.34945996874623e-157,0,1,0,100,165
"bimodal",3,4e+07,1,"TOX_bootstrap_n0_k40_70",4754,0.0286074884307951,0.00441733277240219,6.47619047619048,0.711178882111789,0.0005999400059994,1.96569152204002e-186,0,1,0,40.8146215630298,210
"bimodal",3,4e+07,1,"TOX_bootstrap_n1_k20_50",4754,0.0464871687000421,0.0199831720656289,2.32631578947368,0.686481351864814,9.99900009999e-05,4.0180971080007e-147,0,1,0,100,90
"bimodal",3,4e+07,1,"TOX_bootstrap_n1_k30_70",4754,0.0408077408498107,0.0178796802692469,2.28235294117647,0.708329167083292,9.99900009999e-05,1.74990537214889e-180,0,1,0,100,150
"bimodal",3,4e+07,1,"TOX_bootstrap_n1_k40_70",4754,0.0378628523348759,0.0170382835506942,2.22222222222222,0.723477652234777,9.99900009999e-05,2.1583614596342e-212,0,1,0,100,210
"bimodal",3,4e+07,2,"edgeR",4754,0.00273453933529659,0.0016827934371056,1.625,0.76418807165468,6.7003206486814e-09,0,8,NA,NA,NA,NA
"bimodal",3,4e+07,2,"limma",4754,0.0380732015145141,0.00336558687421119,11.3125,0.315124823142963,6.97943383384785e-10,3.46872985251556e-147,8,NA,NA,NA,NA
"bimodal",3,4e+07,2,"DESeq2",4588,0.00196163905841325,0.00196163905841325,1,0.936180839296339,1.34024950225969e-29,0,9,NA,NA,NA,NA
"bimodal",3,4e+07,2,"TOX_exact_n0_k20_50",4754,0.0119899032393774,0.00210349179638199,5.7,0.51078509408862,4.44424692235901e-05,3.55512063601292e-18,0,1,0,150,90
"bimodal",3,4e+07,2,"TOX_exact_n0_k30_70",4754,0.00988641144299537,0.00189314261674379,5.22222222222222,0.522016319469901,2.26752227840639e-05,4.28124840762071e-26,0,1,0,210,165
"bimodal",3,4e+07,2,"TOX_exact_n0_k40_70",4754,0.00778291964661338,0.00189314261674379,4.11111111111111,0.529579828121811,2.26752227840639e-05,1.47332709960813e-33,4,1,0,210,210
"bimodal",3,4e+07,2,"TOX_exact_n1_k20_50",4754,0.0338662179217501,0.0132519983172066,2.55555555555556,0.517429865384349,4.44424692235901e-05,1.35625191954421e-87,0,1,0,150,90
"bimodal",3,4e+07,2,"TOX_exact_n1_k30_70",4754,0.0334455195624737,0.011569204880101,2.89090909090909,0.527670159078195,2.26752227840639e-05,3.8480001651824e-81,6,1,0,210,150
"bimodal",3,4e+07,2,"TOX_exact_n1_k40_70",4754,0.0330248212031973,0.00904501472444257,3.65116279069767,0.538471102640561,2.26752227840639e-05,1.66411051448345e-77,6,1,0,210,210
"bimodal",3,4e+07,2,"TOX_bootstrap_n0_k20_50",4754,0.0290281867900715,0.00946571308371897,3.06666666666667,0.722777722227777,9.99900009999e-05,1.04087709999359e-210,0,1,0,100,90
"bimodal",3,4e+07,2,"TOX_bootstrap_n0_k30_70",4754,0.0286074884307951,0.00715187210769878,4,0.737326267373263,9.99900009999e-05,2.08512047457849e-241,0,1,0,100,165
"bimodal",3,4e+07,2,"TOX_bootstrap_n0_k40_70",4754,0.0277660917122423,0.00504838031131679,5.5,0.748175182481752,9.99900009999e-05,1.6318475917163e-270,0,1,0,100,210
"bimodal",3,4e+07,2,"TOX_bootstrap_n1_k20_50",4754,0.0483803113167859,0.0208245687841817,2.32323232323232,0.734776522347765,9.99900009999e-05,1.39770266282386e-231,0,1,0,100,90
"bimodal",3,4e+07,2,"TOX_bootstrap_n1_k30_70",4754,0.0393352965923433,0.0220866638620109,1.78095238095238,0.747575242475752,9.99900009999e-05,4.65868460575981e-266,0,1,0,100,150
"bimodal",3,4e+07,2,"TOX_bootstrap_n1_k40_70",4754,0.0363904080774085,0.0212452671434581,1.71287128712871,0.758324167583242,9.99900009999e-05,1.3835058827581e-295,0,1,0,100,210
"bimodal",3,4e+07,3,"edgeR",4757,0.00273281479924322,0.00168173218414967,1.625,0.761513583545841,9.07719158935511e-11,0,8,NA,NA,NA,NA
"bimodal",3,4e+07,3,"limma",4757,0.0395207063275173,0.00252259827622451,15.6666666666667,0.316248650257197,9.50292939187729e-09,2.9995859611493e-151,7,NA,NA,NA,NA
"bimodal",3,4e+07,3,"DESeq2",4570,0.00218818380743982,0.00218818380743982,1,0.925935338047608,2.44421333178308e-44,0,8,NA,NA,NA,NA
"bimodal",3,4e+07,3,"TOX_exact_n0_k20_50",4757,0.0126129913811226,0.00210216523018709,6,0.491524347660466,0.000111098766803688,2.29798036473099e-16,0,1,0,94.8683298050514,90
"bimodal",3,4e+07,3,"TOX_exact_n0_k30_70",4757,0.0107210426739542,0.00210216523018709,5.1,0.501962817569069,3.5272124440055e-05,2.09711976540048e-23,0,1,0,168.374582404827,150
"bimodal",3,4e+07,3,"TOX_exact_n0_k40_70",4757,0.00966996005886063,0.0023123817532058,4.18181818181818,0.513691865685042,3.5272124440055e-05,9.69025058666604e-30,0,1,0,168.374582404827,210
"bimodal",3,4e+07,3,"TOX_exact_n1_k20_50",4757,0.041202438511667,0.0128232079041413,3.21311475409836,0.497365246651006,4.93802775171596e-05,7.23188764385567e-83,0,1,0,142.302494707577,90
"bimodal",3,4e+07,3,"TOX_exact_n1_k30_70",4757,0.0401513558965735,0.0128232079041413,3.13114754098361,0.50948986204981,2.26752227840639e-05,2.33214503165016e-83,4,1,0,210,150
"bimodal",3,4e+07,3,"TOX_exact_n1_k40_70",4757,0.0393104898044986,0.010090393104898,3.89583333333333,0.520668465567674,2.26752227840639e-05,5.38445958842864e-78,5,1,0,210,210
"bimodal",3,4e+07,3,"TOX_bootstrap_n0_k20_50",4757,0.0330039941139374,0.00924952701282321,3.56818181818182,0.711428857114289,9.99900009999e-05,1.47114300658754e-187,0,1,0,100,90
"bimodal",3,4e+07,3,"TOX_bootstrap_n0_k30_70",4757,0.0348959428211057,0.00882909396678579,3.95238095238095,0.731626837316268,0.0001999800019998,4.75208303358226e-228,0,1,0,70.7071424963561,150
"bimodal",3,4e+07,3,"TOX_bootstrap_n0_k40_70",4757,0.0334244271599748,0.00693714525961741,4.81818181818182,0.745525447455255,0.0001999800019998,2.16092998755849e-255,0,1,0,70.7071424963561,210
"bimodal",3,4e+07,3,"TOX_bootstrap_n1_k20_50",4757,0.0544460794618457,0.0260668488543199,2.08870967741935,0.723927607239276,9.99900009999e-05,5.28025316692312e-210,0,1,0,100,90
"bimodal",3,4e+07,3,"TOX_bootstrap_n1_k30_70",4757,0.0468782846331722,0.024595333193189,1.90598290598291,0.74022597740226,9.99900009999e-05,3.13297035073737e-244,0,1,0,100,150
"bimodal",3,4e+07,3,"TOX_bootstrap_n1_k40_70",4757,0.0439352533109102,0.0233340340550767,1.88288288288288,0.751724827517248,9.99900009999e-05,1.8857544838342e-274,0,1,0,100,210
"bimodal",3,4e+07,4,"edgeR",4767,0.00209775540172016,0.00146842878120411,1.42857142857143,0.766886377915777,5.05351707516998e-09,0,7,NA,NA,NA,NA
"bimodal",3,4e+07,4,"limma",4767,0.0413257814138871,0.00251730648206419,16.4166666666667,0.311216981628013,2.98221038227365e-10,1.17307509040708e-151,7,NA,NA,NA,NA
"bimodal",3,4e+07,4,"DESeq2",4598,0.0019573727707699,0.00173988690735102,1.125,0.92951628141316,1.72841639773763e-35,0,7,NA,NA,NA,NA
"bimodal",3,4e+07,4,"TOX_exact_n0_k20_50",4767,0.012796307950493,0.00188797986154814,6.77777777777778,0.576538546989558,8.88809883565905e-05,5.81055653084682e-58,0,1,0,106.066017177982,90
"bimodal",3,4e+07,4,"TOX_exact_n0_k30_70",4767,0.00881057268722467,0.00167820432137613,5.25,0.585538873536366,2.88591959827999e-05,1.21663354773742e-65,0,1,0,186.145104689863,150
"bimodal",3,4e+07,4,"TOX_exact_n0_k40_70",4767,0.00797147052653661,0.00167820432137613,4.75,0.596012824989683,2.26752227840639e-05,2.07719328926368e-71,0,1,0,210,210
"bimodal",3,4e+07,4,"TOX_exact_n1_k20_50",4767,0.0402769037130271,0.0142647367316971,2.82352941176471,0.591835439019745,4.44424692235901e-05,1.22831514601264e-87,0,1,0,150,90
"bimodal",3,4e+07,4,"TOX_exact_n1_k30_70",4767,0.039018250471995,0.0102790014684288,3.79591836734694,0.598349271854292,2.26752227840639e-05,9.75318140886449e-87,8,1,0,210,150
"bimodal",3,4e+07,4,"TOX_exact_n1_k40_70",4767,0.0385986993916509,0.00797147052653661,4.84210526315789,0.611036526086755,2.26752227840639e-05,3.78172066383534e-82,8,1,0,210,210
"bimodal",3,4e+07,4,"TOX_bootstrap_n0_k20_50",4767,0.0316761065659744,0.00755191944619257,4.19444444444444,0.772922707729227,9.99900009999e-05,5.40530543570032e-318,0,1,0,100,90
"bimodal",3,4e+07,4,"TOX_bootstrap_n0_k30_70",4767,0.0285294734633942,0.00629326620516048,4.53333333333333,0.782521747825217,9.99900009999e-05,0,0,1,0,100,150
"bimodal",3,4e+07,4,"TOX_bootstrap_n0_k40_70",4767,0.0270610446821901,0.00545416404447241,4.96153846153846,0.792820717928207,9.99900009999e-05,0,0,1,0,100,210
"bimodal",3,4e+07,4,"TOX_bootstrap_n1_k20_50",4767,0.052443885043004,0.0247535137402979,2.11864406779661,0.784321567843216,9.99900009999e-05,0,0,1,0,100,90
"bimodal",3,4e+07,4,"TOX_bootstrap_n1_k30_70",4767,0.0444724145164674,0.0228655338787497,1.94495412844037,0.794620537946205,9.99900009999e-05,0,0,1,0,100,150
"bimodal",3,4e+07,4,"TOX_bootstrap_n1_k40_70",4767,0.0417453324942312,0.0220264317180617,1.8952380952381,0.805319468053195,9.99900009999e-05,0,0,1,0,100,210
"bimodal",3,4e+07,5,"edgeR",4768,0.00125838926174497,0.00104865771812081,1.2,0.766404138974008,2.41343377100105e-09,0,5,NA,NA,NA,NA
"bimodal",3,4e+07,5,"limma",4768,0.0434144295302013,0.00188758389261745,23,0.316948302506786,3.32851347216979e-10,5.87225580212555e-143,5,NA,NA,NA,NA
"bimodal",3,4e+07,5,"DESeq2",4569,0.00131319763624425,0.00109433136353688,1.2,0.936645897401488,2.19902102842519e-35,0,5,NA,NA,NA,NA
"bimodal",3,4e+07,5,"TOX_exact_n0_k20_50",4768,0.0132130872483221,0.00125838926174497,10.5,0.570110385084676,5.55524693072607e-05,9.57204383824011e-48,0,1,0,134.164078649987,90
"bimodal",3,4e+07,5,"TOX_exact_n0_k30_70",4768,0.00880872483221476,0.00146812080536913,6,0.577743484304514,3.96809650410698e-05,9.390537268173e-53,0,1,0,158.745078663875,150
"bimodal",3,4e+07,5,"TOX_exact_n0_k40_70",4768,0.00671140939597315,0.00146812080536913,4.57142857142857,0.585326863336432,3.5272124440055e-05,1.77234781693113e-57,0,1,0,168.374582404827,210
"bimodal",3,4e+07,5,"TOX_exact_n1_k20_50",4768,0.0404781879194631,0.0151006711409396,2.68055555555556,0.581018885891128,4.44424692235901e-05,6.27467034009089e-83,0,1,0,150,90
"bimodal",3,4e+07,5,"TOX_exact_n1_k30_70",4768,0.0396392617449664,0.011744966442953,3.375,0.587990326059047,2.26752227840639e-05,2.92112634383176e-79,0,1,0,210,150
"bimodal",3,4e+07,5,"TOX_exact_n1_k40_70",4768,0.0396392617449664,0.0102768456375839,3.85714285714286,0.59731071857781,2.26752227840639e-05,4.8544470083179e-74,5,1,0,210,210
"bimodal",3,4e+07,5,"TOX_bootstrap_n0_k20_50",4768,0.0302013422818792,0.00796979865771812,3.78947368421053,0.76992300769923,9.99900009999e-05,2.07767372239211e-304,0,1,0,100,90
"bimodal",3,4e+07,5,"TOX_bootstrap_n0_k30_70",4768,0.0308305369127517,0.0048238255033557,6.39130434782609,0.781571842815718,9.99900009999e-05,0,0,1,0,100,150
"bimodal",3,4e+07,5,"TOX_bootstrap_n0_k40_70",4768,0.0306208053691275,0.0037751677852349,8.11111111111111,0.79012098790121,9.99900009999e-05,0,0,1,0,100,210
"bimodal",3,4e+07,5,"TOX_bootstrap_n1_k20_50",4768,0.0539010067114094,0.026006711409396,2.07258064516129,0.784821517848215,9.99900009999e-05,0,0,1,0,100,90
"bimodal",3,4e+07,5,"TOX_bootstrap_n1_k30_70",4768,0.0465604026845638,0.0255872483221477,1.81967213114754,0.795470452954705,9.99900009999e-05,0,0,1,0,100,150
"bimodal",3,4e+07,5,"TOX_bootstrap_n1_k40_70",4768,0.0427852348993289,0.0226510067114094,1.88888888888889,0.803419658034197,9.99900009999e-05,0,0,1,0,100,210
"bimodal",5,4e+07,1,"edgeR",4767,0.000209775540172016,0.000209775540172016,1,0.784707241055434,0.00253804142203644,0,0,NA,NA,NA,NA
"bimodal",5,4e+07,1,"limma",4767,0.0199286763163415,0.00188797986154814,10.5555555555556,0.339779334755693,0.00191317298687095,3.27498972586932e-116,0,NA,NA,NA,NA
"bimodal",5,4e+07,1,"DESeq2",4766,0,0,NA,0.803850092396028,0.0668592657979702,0,0,NA,NA,NA,NA
"bimodal",5,4e+07,1,"TOX_exact_n0_k20_50",4767,0.0169918187539333,0.00860079714705265,1.97560975609756,0.342124210021066,0.00031998720051198,1.52473508495591e-118,0,1,0,55.8938726516601,225
"bimodal",5,4e+07,1,"TOX_exact_n0_k30_70",4767,0.0144745122718691,0.00734214390602056,1.97142857142857,0.352446102480796,0.000299995714346938,3.99129783217219e-113,0,1,0,57.726778468757,350
"bimodal",5,4e+07,1,"TOX_exact_n0_k40_70",4767,0.0138451856513531,0.00713236836584854,1.94117647058824,0.361082766671292,0.000299995714346938,1.15240412742367e-110,0,1,0,57.726778468757,350
"bimodal",5,4e+07,1,"TOX_exact_n1_k20_50",4767,0.0192993496958255,0.0106985525487728,1.80392156862745,0.288891377737956,0.00026665955574518,1.46333275634479e-186,0,1,0,61.22989465939,200
"bimodal",5,4e+07,1,"TOX_exact_n1_k30_70",4767,0.0159429410530732,0.0109083280889448,1.46153846153846,0.292038432339328,0.000190472562427382,3.03918763459763e-183,0,1,0,72.4506728747222,350
"bimodal",5,4e+07,1,"TOX_exact_n1_k40_70",4767,0.0138451856513531,0.0109083280889448,1.26923076923077,0.29532003820377,0.000212243165361915,2.25461085313975e-177,0,1,0,68.63364279329,350
"bimodal",5,4e+07,1,"TOX_bootstrap_n0_k20_50",4767,0.0511852318019719,0.00985945038808475,5.19148936170213,0.501949805019498,0.0002999700029997,4.46016117384694e-235,0,1,0,57.7292531275667,225
"bimodal",5,4e+07,1,"TOX_bootstrap_n0_k30_70",4767,0.0448919655968114,0.0092301237675687,4.86363636363636,0.514448555144486,0.0002999700029997,1.56251355253801e-242,0,1,0,57.7292531275667,350
"bimodal",5,4e+07,1,"TOX_bootstrap_n0_k40_70",4767,0.0402769037130271,0.00839102160688064,4.8,0.518248175182482,0.0002999700029997,2.10150162910721e-249,0,1,0,57.7292531275667,350
"bimodal",5,4e+07,1,"TOX_bootstrap_n1_k20_50",4767,0.07908537864485,0.0113278791692889,6.98148148148148,0.394160583941606,9.99900009999e-05,0,0,1,0,100,200
"bimodal",5,4e+07,1,"TOX_bootstrap_n1_k30_70",4767,0.0730018879798616,0.0111181036291168,6.56603773584906,0.399360063993601,9.99900009999e-05,0,0,1,0,100,350
"bimodal",5,4e+07,1,"TOX_bootstrap_n1_k40_70",4767,0.0717432347388295,0.0111181036291168,6.45283018867925,0.408059194080592,9.99900009999e-05,0,0,1,0,100,350
"bimodal",5,4e+07,2,"edgeR",4770,0.000419287211740042,0.000419287211740042,1,0.785641678009504,0.00266136323353958,0,0,NA,NA,NA,NA
"bimodal",5,4e+07,2,"limma",4770,0.0241090146750524,0.00230607966457023,10.4545454545455,0.336936074945543,0.000658170392796037,1.49775827744902e-125,0,NA,NA,NA,NA
"bimodal",5,4e+07,2,"DESeq2",4767,0,0,NA,0.810908805439855,0.164734306506416,0,0,NA,NA,NA,NA
"bimodal",5,4e+07,2,"TOX_exact_n0_k20_50",4770,0.0205450733752621,0.0115303983228512,1.78181818181818,0.324138845412036,0.000271995648069631,6.01425859884438e-149,0,1,0,60.6261446223055,225
"bimodal",5,4e+07,2,"TOX_exact_n0_k30_70",4770,0.0165618448637317,0.0111111111111111,1.49056603773585,0.327322558103738,0.000212243165361915,4.41263579804957e-136,0,1,0,68.63364279329,350
"bimodal",5,4e+07,2,"TOX_exact_n0_k40_70",4770,0.0150943396226415,0.010482180293501,1.44,0.334442167819038,0.000212243165361915,3.49636027248619e-127,0,1,0,68.63364279329,350
"bimodal",5,4e+07,2,"TOX_exact_n1_k20_50",4770,0.0228511530398323,0.0125786163522013,1.81666666666667,0.274555607110286,0.000199992000319987,5.13664789831259e-212,0,1,0,70.705021038113,200
"bimodal",5,4e+07,2,"TOX_exact_n1_k30_70",4770,0.0174004192872117,0.0125786163522013,1.38333333333333,0.274251919011066,0.000130610112487959,8.90026760747641e-214,0,1,0,87.4949998571347,350
"bimodal",5,4e+07,2,"TOX_exact_n1_k40_70",4770,0.0150943396226415,0.0125786163522013,1.2,0.277589570697382,0.000138774377352022,5.76414097518999e-206,0,1,0,84.8819249102575,350
"bimodal",5,4e+07,2,"TOX_bootstrap_n0_k20_50",4770,0.0528301886792453,0.0136268343815514,3.87692307692308,0.48960103989601,9.99900009999e-05,2.34609613363832e-212,0,1,0,100,225
"bimodal",5,4e+07,2,"TOX_bootstrap_n0_k30_70",4770,0.0463312368972746,0.0119496855345912,3.87719298245614,0.498350164983502,0.0001999800019998,1.33793842955457e-223,0,1,0,70.7071424963561,350
"bimodal",5,4e+07,2,"TOX_bootstrap_n0_k40_70",4770,0.0408805031446541,0.0115303983228512,3.54545454545455,0.506249375062494,0.0001999800019998,6.22529083773977e-232,0,1,0,70.7071424963561,350
"bimodal",5,4e+07,2,"TOX_bootstrap_n1_k20_50",4770,0.0832285115303983,0.0138364779874214,6.01515151515152,0.370662933706629,9.99900009999e-05,0,0,1,0,100,200
"bimodal",5,4e+07,2,"TOX_bootstrap_n1_k30_70",4770,0.0811320754716981,0.0127882599580713,6.34426229508197,0.374612538746125,9.99900009999e-05,0,0,1,0,100,350
"bimodal",5,4e+07,2,"TOX_bootstrap_n1_k40_70",4770,0.0781970649895178,0.0125786163522013,6.21666666666667,0.38021197880212,9.99900009999e-05,0,0,1,0,100,350
"bimodal",5,4e+07,3,"edgeR",4765,0.000629590766002099,0.000419727177334732,1.5,0.78516212366562,0.000794848507590144,0,0,NA,NA,NA,NA
"bimodal",5,4e+07,3,"limma",4765,0.0203567681007345,0.00377754459601259,5.38888888888889,0.342903753290193,0.00176214225584867,1.30987190824913e-121,0,NA,NA,NA,NA
"bimodal",5,4e+07,3,"DESeq2",4765,0.000209863588667366,0.000209863588667366,1,0.811568871252566,8.39783667875398e-10,0,1,NA,NA,NA,NA
"bimodal",5,4e+07,3,"TOX_exact_n0_k20_50",4765,0.0163693599160546,0.00818467995802728,2,0.326167383261674,1.59997440040959e-05,2.5806809113669e-147,0,1,0,250,200
"bimodal",5,4e+07,3,"TOX_exact_n0_k30_70",4765,0.0142707240293809,0.00818467995802728,1.74358974358974,0.330740157223206,8.16319866776598e-06,1.83074160587219e-140,1,1,0,350,350
"bimodal",5,4e+07,3,"TOX_exact_n0_k40_70",4765,0.0136411332633788,0.00797481636935992,1.71052631578947,0.33401359988898,8.16319866776598e-06,1.97997548407975e-133,1,1,0,350,350
"bimodal",5,4e+07,3,"TOX_exact_n1_k20_50",4765,0.0184679958027282,0.0104931794333683,1.76,0.280508779648814,1.59997440040959e-05,3.08718213542437e-205,0,1,0,250,200
"bimodal",5,4e+07,3,"TOX_exact_n1_k30_70",4765,0.0140608604407135,0.0102833158447009,1.36734693877551,0.280234447065738,8.16319866776598e-06,2.08184079070367e-201,1,1,0,350,350
"bimodal",5,4e+07,3,"TOX_exact_n1_k40_70",4765,0.0123819517313746,0.0102833158447009,1.20408163265306,0.282781365050081,8.16319866776598e-06,4.16457221106997e-197,1,1,0,350,350
"bimodal",5,4e+07,3,"TOX_bootstrap_n0_k20_50",4765,0.0505771248688353,0.0115424973767051,4.38181818181818,0.493150684931507,9.99900009999e-05,1.27969929076833e-228,0,1,0,100,200
"bimodal",5,4e+07,3,"TOX_bootstrap_n0_k30_70",4765,0.0461699895068206,0.0102833158447009,4.48979591836735,0.500549945005499,9.99900009999e-05,1.85594938211042e-237,0,1,0,100,350
"bimodal",5,4e+07,3,"TOX_bootstrap_n0_k40_70",4765,0.040713536201469,0.00986358866736621,4.12765957446809,0.505349465053495,9.99900009999e-05,3.6584140049817e-244,0,1,0,100,350
"bimodal",5,4e+07,3,"TOX_bootstrap_n1_k20_50",4765,0.0751311647429171,0.0111227701993704,6.75471698113208,0.37996200379962,9.99900009999e-05,0,0,1,0,100,200
"bimodal",5,4e+07,3,"TOX_bootstrap_n1_k30_70",4765,0.0738719832109129,0.0104931794333683,7.04,0.387261273872613,9.99900009999e-05,0,0,1,0,100,350
"bimodal",5,4e+07,3,"TOX_bootstrap_n1_k40_70",4765,0.0724029380902413,0.0102833158447009,7.04081632653061,0.390560943905609,9.99900009999e-05,0,0,1,0,100,350
"bimodal",5,4e+07,4,"edgeR",4762,0.00104997900041999,0.000419991600167997,2.5,0.784450372850329,0.00261843087103215,0,0,NA,NA,NA,NA
"bimodal",5,4e+07,4,"limma",4762,0.0188996220075598,0.00209995800083998,9,0.337896321011148,0.00346360829696511,2.43387780969882e-129,0,NA,NA,NA,NA
"bimodal",5,4e+07,4,"DESeq2",4759,0.000210128178188695,0,NA,0.782542131354666,0.0199997945263751,0,0,NA,NA,NA,NA
"bimodal",5,4e+07,4,"TOX_exact_n0_k20_50",4762,0.0172196556068879,0.00902981940361193,1.90697674418605,0.315631581560257,0.000159994880163835,4.32479735426175e-144,0,1,0,79.0518816980342,200
"bimodal",5,4e+07,4,"TOX_exact_n0_k30_70",4762,0.0144897102057959,0.00818983620327593,1.76923076923077,0.31868719439025,0.000126982514507752,7.15703218303676e-139,0,1,0,88.736125676074,350
"bimodal",5,4e+07,4,"TOX_exact_n0_k40_70",4762,0.0142797144057119,0.00797984040319194,1.78947368421053,0.326422729127599,0.000126982514507752,2.17929197987859e-127,0,1,0,88.736125676074,350
"bimodal",5,4e+07,4,"TOX_exact_n1_k20_50",4762,0.0216295674086518,0.0104997900041999,2.06,0.275650076681647,0.000223992832229369,6.52638281197372e-215,0,1,0,66.8088959003857,175
"bimodal",5,4e+07,4,"TOX_exact_n1_k30_70",4762,0.0163796724065519,0.0104997900041999,1.56,0.275788148667824,0.000253059158700745,2.52659268740421e-217,0,1,0,62.8541578679591,350
"bimodal",5,4e+07,4,"TOX_exact_n1_k40_70",4762,0.0144897102057959,0.0104997900041999,1.38,0.279263026424274,0.000253059158700745,6.33819711086515e-213,0,1,0,62.8541578679591,350
"bimodal",5,4e+07,4,"TOX_bootstrap_n0_k20_50",4762,0.0503989920201596,0.0109197816043679,4.61538461538461,0.477102289771023,9.99900009999e-05,6.52570194545995e-175,0,1,0,100,200
"bimodal",5,4e+07,4,"TOX_bootstrap_n0_k30_70",4762,0.0464090718185636,0.00965980680386392,4.80434782608696,0.49015098490151,0.0001999800019998,7.09034857071849e-191,0,1,0,70.7071424963561,350
"bimodal",5,4e+07,4,"TOX_bootstrap_n0_k40_70",4762,0.0443091138177236,0.00923981520369593,4.79545454545454,0.497450254974503,0.0001999800019998,1.67687886095161e-203,0,1,0,70.7071424963561,350
"bimodal",5,4e+07,4,"TOX_bootstrap_n1_k20_50",4762,0.0770684586308274,0.0125997480050399,6.11666666666667,0.365063493650635,9.99900009999e-05,4.30419614340125e-294,0,1,0,100,175
"bimodal",5,4e+07,4,"TOX_bootstrap_n1_k30_70",4762,0.0760184796304074,0.0111297774044519,6.83018867924528,0.368063193680632,0.0001999800019998,4.10153536551569e-319,0,1,0,70.7071424963561,350
"bimodal",5,4e+07,4,"TOX_bootstrap_n1_k40_70",4762,0.0745485090298194,0.0104997900041999,7.1,0.375312468753125,0.0001999800019998,0,0,1,0,70.7071424963561,350
"bimodal",5,4e+07,5,"edgeR",4761,0,0,NA,0.784747604946151,0.069701231050856,0,0,NA,NA,NA,NA
"bimodal",5,4e+07,5,"limma",4761,0.0218441503885738,0.00189035916824197,11.5555555555556,0.337498402115729,0.000454001664304704,3.1325384461162e-129,0,NA,NA,NA,NA
"bimodal",5,4e+07,5,"DESeq2",4760,0,0,NA,0.792823004454352,0.104799666883293,0,0,NA,NA,NA,NA
"bimodal",5,4e+07,5,"TOX_exact_n0_k20_50",4761,0.0147027935307708,0.00693131695022054,2.12121212121212,0.326090782547479,0.000287995392073727,2.54855584760515e-141,0,1,0,58.9175506770078,200
"bimodal",5,4e+07,5,"TOX_exact_n0_k30_70",4761,0.0134425540852762,0.00651123713505566,2.06451612903226,0.326405498730623,0.000171427172023086,1.01444513988202e-139,0,1,0,76.3700265312312,350
"bimodal",5,4e+07,5,"TOX_exact_n0_k40_70",4761,0.012392354547364,0.00651123713505566,1.90322580645161,0.330380976481825,0.000171427172023086,1.05832460645512e-132,0,1,0,76.3700265312312,350
"bimodal",5,4e+07,5,"TOX_exact_n1_k20_50",4761,0.0182734719596723,0.00819155639571519,2.23076923076923,0.27714756563895,0.000223996416057343,1.13908948899034e-206,0,1,0,66.8083613244416,200
"bimodal",5,4e+07,5,"TOX_exact_n1_k30_70",4761,0.0134425540852762,0.00819155639571519,1.64102564102564,0.274264909960654,0.00016326397335532,4.77991179220645e-212,0,1,0,78.2563096497656,350
"bimodal",5,4e+07,5,"TOX_exact_n1_k40_70",4761,0.0117622348246167,0.00819155639571519,1.43589743589744,0.276428235831926,0.00016326397335532,2.63830688638414e-209,0,1,0,78.2563096497656,350
"bimodal",5,4e+07,5,"TOX_bootstrap_n0_k20_50",4761,0.0480991388363789,0.00987187565637471,4.87234042553191,0.494850514948505,9.99900009999e-05,9.52329036026191e-199,0,1,0,100,200
"bimodal",5,4e+07,5,"TOX_bootstrap_n0_k30_70",4761,0.0420079815164881,0.00861163621088007,4.8780487804878,0.501249875012499,9.99900009999e-05,2.49018030293786e-211,0,1,0,100,350
"bimodal",5,4e+07,5,"TOX_bootstrap_n0_k40_70",4761,0.0354967443814325,0.00819155639571519,4.33333333333333,0.509049095090491,9.99900009999e-05,1.04323414174346e-218,0,1,0,100,350
"bimodal",5,4e+07,5,"TOX_bootstrap_n1_k20_50",4761,0.0833858433102289,0.00945179584120983,8.82222222222222,0.377462253774623,9.99900009999e-05,1.87744945419674e-322,0,1,0,100,200
"bimodal",5,4e+07,5,"TOX_bootstrap_n1_k30_70",4761,0.0804452846040748,0.00924175593362739,8.70454545454545,0.37996200379962,9.99900009999e-05,0,0,1,0,100,350
"bimodal",5,4e+07,5,"TOX_bootstrap_n1_k40_70",4761,0.0764545263600084,0.00861163621088007,8.87804878048781,0.382261773822618,9.99900009999e-05,0,0,1,0,100,350
