"dist","n_rep","method","breakdown_delta","ci_lo","ci_hi","frac_boot_no_breakdown"
"lnpois",10,"DESeq2",0,0,0,0
"lnpois",10,"edgeR",Inf,Inf,Inf,1
"lnpois",10,"limma",Inf,Inf,Inf,1
"lnpois",10,"TOX-log-TMM",Inf,Inf,Inf,1
"lnpois",10,"TOX-log-TPM",0.25,0.25,0.25,0
"lnpois",10,"TOX-log-TPM-centred",1,1,1,0
"lnpois",3,"DESeq2",0,0,0,0
"lnpois",3,"edgeR",Inf,Inf,Inf,1
"lnpois",3,"limma",Inf,Inf,Inf,1
"lnpois",3,"TOX-log-TMM",Inf,Inf,Inf,1
"lnpois",3,"TOX-log-TPM",0.25,0.25,0.25,0
"lnpois",3,"TOX-log-TPM-centred",1,1,Inf,0.328
"lnpois",5,"DESeq2",0,0,0,0
"lnpois",5,"edgeR",Inf,Inf,Inf,1
"lnpois",5,"limma",Inf,Inf,Inf,1
"lnpois",5,"TOX-log-TMM",Inf,Inf,Inf,1
"lnpois",5,"TOX-log-TPM",0.25,0.25,0.25,0
"lnpois",5,"TOX-log-TPM-centred",1,1,1,0
"nb",10,"DESeq2",Inf,0,Inf,0.946
"nb",10,"edgeR",Inf,Inf,Inf,1
"nb",10,"limma",Inf,Inf,Inf,1
"nb",10,"TOX-log-TMM",Inf,Inf,Inf,1
"nb",10,"TOX-log-TPM",0.25,0.25,0.25,0
"nb",10,"TOX-log-TPM-centred",1,1,1,0
"nb",3,"DESeq2",0,0,0,0
"nb",3,"edgeR",Inf,Inf,Inf,1
"nb",3,"limma",Inf,Inf,Inf,1
"nb",3,"TOX-log-TMM",Inf,Inf,Inf,0.991
"nb",3,"TOX-log-TPM",0.25,0.25,0.25,0
"nb",3,"TOX-log-TPM-centred",Inf,1,Inf,0.545
"nb",5,"DESeq2",0,0,0,5e-04
"nb",5,"edgeR",Inf,Inf,Inf,1
"nb",5,"limma",Inf,Inf,Inf,1
"nb",5,"TOX-log-TMM",Inf,Inf,Inf,1
"nb",5,"TOX-log-TPM",0.25,0.25,0.25,0
"nb",5,"TOX-log-TPM-centred",1,1,1,0.0045
