"part","dist","n_rep","pi1","het","frac_up","depth","disp_model","hv_frac","sigma_d","delta_target","cohort","is_de","n_rounds","sd_pool_case.prod_mean","sd_pool_case.prod_se","sd_pool_control.prod_mean","sd_pool_control.prod_se","sd_null.prod_mean","sd_null.prod_se","mean_span_case.prod_mean","mean_span_case.prod_se","mean_span_control.prod_mean","mean_span_control.prod_se","n_resid_pool_case.prod_mean","n_resid_pool_case.prod_se","n_resid_pool_control.prod_mean","n_resid_pool_control.prod_se","kurt_pool_case.prod_mean","kurt_pool_case.prod_se","rho_case.prod_mean","rho_case.prod_se","d_sd_pool_case_mean","d_sd_pool_case_se","d_sd_pool_control_mean","d_sd_pool_control_se","d_sd_null_mean","d_sd_null_se","d_mean_span_case_mean","d_mean_span_case_se","d_mean_span_control_mean","d_mean_span_control_se","d_n_resid_pool_case_mean","d_n_resid_pool_case_se","d_n_resid_pool_control_mean","d_n_resid_pool_control_se","d_kurt_pool_case_mean","d_kurt_pool_case_se","d_rho_case_mean","d_rho_case_se"
"Q","lnpois",5,0.01,0.5,0.5,"equal","const",0,0,NA,NA,FALSE,20,0.574702819415177,0.00129202606039697,0.573324191196788,0.00167216243776539,0.363302557545793,0.000855783321738415,144.020928555323,18.5508677137414,151.802672078151,20.6667632215297,249.823425626827,0.0881166868982529,250,0,-0.0427633323576766,0.0085341839244382,0.936682801128187,0.0053865648052217,-0.00231866615118871,0.000214485256325763,-1.81520635383958e-05,8.29681717994545e-05,-0.000746102186438449,7.88324152875087e-05,0.0989889891753219,0.383752812127297,0.48456452132448,0.138927716596209,0.176574373173358,0.0881166868982529,0,0,-0.0386849387752107,0.00523839642126014,0.00364759017720082,0.000275702852098617
"Q","lnpois",5,0.01,0.5,0.5,"equal","const",0,0,NA,NA,TRUE,17,0.565515731826479,0.0171811787962012,0.573868518890638,0.0136484096856371,0.360656097819652,0.00939535148212291,25.8883968942469,13.8361359515988,32.9435496761801,18.5406111466501,250,0,250,0,-0.0186031262055738,0.0793601753740524,1.3397942147023,0.134170312929799,-0.00074773688873113,0.00081939635131141,-0.000464343051762696,0.000619186063656883,-0.000370953780265147,0.000303165415896326,0.0293906287936108,0.0157954637772023,0.0561646093784897,0.0437112885042882,0,0,0,0,-0.00963414966388046,0.00970578450698139,0.00148706973872113,0.00171196373079553
"Q","lnpois",5,0.01,1,0.5,"equal","const",0,0,NA,NA,FALSE,20,0.571065822159792,0.0010016200831985,0.571893498239123,0.00120038856775239,0.361691658798672,0.000630539688408729,116.357903040919,28.2560655924581,122.025255026724,27.640402614998,250,0,250,0,-0.0854163746665416,0.00769196723366429,0.944830040807295,0.00498950035787768,0.000110134064320794,8.21387594665128e-05,0.000180959273426673,8.58070930421728e-05,9.1928441209474e-05,3.44171477794987e-05,0.488470798860698,0.13171987059849,0.413079721202874,0.0963362513387465,0,0,0,0,0.00020573961036944,0.000841468546829605,-0.000188650666925433,0.000150906421381345
"Q","lnpois",5,0.01,1,0.5,"equal","const",0,0,NA,NA,TRUE,17,0.579263793251475,0.012251498433841,0.583755693412201,0.0107486070774471,0.368285326376994,0.00651325982610269,14.4705136452525,6.81151816820538,10.460360446709,3.44097335330162,250,0,250,0,-0.0899252021783451,0.0540121484515996,0.950860140275776,0.0720831495536951,-0.000214310776733114,0.000368553630284993,0.000348498156676349,0.000458722717438787,5.15316678868309e-05,0.000156865203989512,0.0291218337875306,0.0130938323711862,0.189978880269187,0.147433851524862,0,0,0,0,-0.00907853271027369,0.00442815830435695,0.000883445589287167,0.000741868125953649
"Q","lnpois",5,0.05,0.5,0.5,"equal","const",0,0,NA,NA,FALSE,20,0.586066692301102,0.00162920214452845,0.573352418738965,0.00135689836310147,0.366986725433647,0.00080235401000108,92.3377544122605,13.6109959138478,102.072476806302,19.4954474542025,248.428181844455,0.266399750006521,250,0,0.104290457083272,0.0167288392424811,0.918172874157366,0.00512933919699778,-0.0131569298046351,0.000826136725546571,-0.000206040748791614,0.000174382476237222,-0.00429365942237811,0.00027867111304966,2.50840011318324,0.409630500963088,1.71088176597857,0.256869649717368,1.57181815554454,0.266399750006521,0,0,-0.193655602982246,0.0149478244744159,0.0205923101053187,0.00128961943434445
"Q","lnpois",5,0.05,0.5,0.5,"equal","const",0,0,NA,NA,TRUE,20,0.580738909016437,0.00767727620710365,0.567333767553739,0.00599743745498603,0.363438823776646,0.00416438346637131,93.9730974350522,47.5191900324298,103.817978038474,38.9346136452321,248.472222222222,1.05168187339756,250,0,0.161288896449067,0.0417887800561487,1.14549598429515,0.0421479109699025,-0.0125196519543419,0.00183994515073435,-0.000831927793557816,0.000796988778586844,-0.00427611387300623,0.000674010949717969,2.73309396545003,1.19988355543418,1.80400366909269,0.580176310901295,1.52777777777778,1.05168187339756,0,0,-0.189478745214263,0.0361879784779452,0.0246139942023526,0.00435076269816429
"Q","lnpois",5,0.05,1,0.5,"equal","const",0,0,NA,NA,FALSE,20,0.572463144261864,0.00114766815437613,0.572714692706545,0.000952834275309708,0.362404004557457,0.000589479758760355,100.288574447637,17.0048016131328,100.876839067742,16.7148323643414,250,0,250,0,-0.0699581942989481,0.0105251588996127,0.938300175191267,0.00652948501689785,4.17126307929005e-05,0.000214481137339378,-6.6089422150839e-05,0.000238738817047743,-1.0427103098834e-05,0.000111616012196392,1.79953393456531,0.427021752605928,2.56063577560699,0.396825398017842,0,0,0,0,-0.00139173966204283,0.0020974499142031,-7.03949972660212e-05,0.000314028542158632
"Q","lnpois",5,0.05,1,0.5,"equal","const",0,0,NA,NA,TRUE,20,0.560388595146592,0.00760015173836347,0.574847859846732,0.0062284700885397,0.359764970390075,0.00386386709068499,375.583433477784,251.387726731532,253.01649449312,134.935152078791,250,0,250,0,-0.0713329980251778,0.0236182896968064,0.943570843072453,0.0263478620969613,0.000349347681020259,0.000727512639824524,-0.000377026919577483,0.000879208831172501,-4.92622322335962e-05,0.00037921423505781,2.9572616475491,1.24519639093018,5.34288822504046,2.89432736060134,0,0,0,0,-0.00293388063160871,0.00504236611025514,-0.000825716119858577,0.00140930894748633
"Q","lnpois",5,0.1,0.5,0.5,"equal","const",0,0,NA,NA,FALSE,20,0.595964536740973,0.00142408853596171,0.571633595366108,0.00127511332895529,0.369629881668603,0.000688008715424405,109.454679163021,14.3187667351431,115.180376531814,15.6999477873655,247.445999311294,0.401069834081907,250,0,0.252317277182579,0.0221971780264558,0.89945187990745,0.00560352406706159,-0.024801416061444,0.000909190098494004,0.000306647674787303,0.00025492062534273,-0.00788555006769238,0.00033771090865298,4.39534645821581,1.65338908218422,6.30880340768471,2.08456410438972,2.5540006887061,0.401069834081907,0,0,-0.336831467389355,0.0166684673766313,0.0378168796124018,0.00149270135415652
"Q","lnpois",5,0.1,0.5,0.5,"equal","const",0,0,NA,NA,TRUE,20,0.598216432833916,0.0043947015302508,0.570591390069311,0.00335522680732852,0.370121409029178,0.00203360542550864,73.7403007341621,24.2610153329189,115.351785304931,41.2282022777429,248.10232628139,0.87308106321105,250,0,0.287662014505326,0.0451000793370981,1.20742643260829,0.0376249664203765,-0.0247560767717556,0.00169010098627727,-0.000108301945440148,0.000676055792037541,-0.00804972324725017,0.000592469940416731,7.30177422123424,2.03936988390517,9.40658085944861,3.59318391016345,1.89767371861025,0.87308106321105,0,0,-0.290799586559338,0.0348502604677215,0.0511960625617905,0.00428770377958265
"Q","lnpois",5,0.1,1,0.5,"equal","const",0,0,NA,NA,FALSE,20,0.575075566283426,0.00191015062343314,0.573067901417756,0.00131572820242272,0.363354926391975,0.000955341392021466,127.831783590001,26.4802867887907,137.910682345976,29.4330235140246,250,0,250,0,-0.074408243590484,0.00850277963991618,0.94230965016043,0.00515255014690468,0.000203157240964641,0.000238946907400953,-0.000338705250154325,0.000320633648362812,-4.74030434728073e-05,0.000133738513771383,-0.404654487523001,6.04406368390991,-2.09813658448665,7.03478587739261,0,0,0,0,-0.0036870635941675,0.00275149306283809,-0.000524762570865928,0.000378405421986427
"Q","lnpois",5,0.1,1,0.5,"equal","const",0,0,NA,NA,TRUE,20,0.565845427582008,0.00574464346870463,0.576090969429841,0.00434219340130327,0.361850557989746,0.00290972386524642,70.4888735763407,16.110340876871,110.348425655913,47.9158549939357,250,0,250,0,-0.068514334228958,0.0173504645237329,0.927490681278458,0.0126589038711424,0.000288619291575976,0.000838117295412383,0.000340888266411177,0.000847277564175234,0.000141101559710838,0.000302411839110526,4.60611047180954,1.15115025281088,5.48050241623666,1.13934593905309,0,0,0,0,-0.00513461262022128,0.00957346894673504,-0.00151859043686313,0.00154920810828772
"Q","lnpois",5,0.3,0.5,0.5,"equal","const",0,0,NA,NA,FALSE,20,0.642901785155559,0.00257881310866673,0.574580597966943,0.00162848364735398,0.386041624712757,0.0012515854858068,132.057280121908,37.6951066815772,122.271106726767,29.4192077960649,245.257305647277,0.601623566250245,250,0,0.629448186578448,0.0219319747432362,0.849367565148619,0.00572642712331773,-0.0691957159759098,0.00141766409205977,2.13822675429187e-05,0.000554339192939608,-0.0226468429586018,0.000466856527035262,2.60664031418747,11.1758353575675,12.0483552351747,6.41021498063999,4.74269435272341,0.601623566250245,0,0,-0.713474687333813,0.0216674924012703,0.099351700470989,0.00206807966638714
"Q","lnpois",5,0.3,0.5,0.5,"equal","const",0,0,NA,NA,TRUE,20,0.639827582538041,0.00372672183121068,0.574979924375001,0.0018873054686433,0.385207600974151,0.00163867123707926,81.6202845451838,19.9522595021689,71.0643156852786,18.3523404035067,247.065557399835,0.496802099703493,250,0,0.635864517821337,0.0378070595475218,1.08703222218444,0.01495359254622,-0.0680088675510039,0.00199615529509964,-0.000271941686706895,0.000866322077903955,-0.0223132380312849,0.000659758939921174,17.3333474066603,3.3075489518965,15.9449406254479,2.12963785960402,2.93444260016518,0.496802099703493,-0.136363636363636,0.136363636363636,-0.644454387921614,0.0359506547414699,0.126887206918122,0.00429639859014421
"Q","lnpois",5,0.3,1,0.5,"equal","const",0,0,NA,NA,FALSE,20,0.571887148323028,0.00142150117846654,0.571184892928985,0.0013113950100788,0.361744136387791,0.000696290998664174,118.947092403381,23.2835987209366,113.087331557425,23.4646851149237,249.945895522388,0.0541044776119406,250,0,-0.0802996916283949,0.0107793326812935,0.938191486387456,0.00504726028133299,5.00171436686625e-05,0.000621840305652716,0.000743032120049947,0.000598393623101097,0.000239674590736108,0.000334235663830218,16.0748991609939,2.01197867934831,18.187924120706,3.03409653466579,0.00447212467076383,0.0753215210818891,0,0,0.00664494379543947,0.00601543912258826,-0.000186820233747564,0.00104098361516734
"Q","lnpois",5,0.3,1,0.5,"equal","const",0,0,NA,NA,TRUE,20,0.558273517250427,0.00326330342313445,0.575181589412509,0.00183481788932187,0.359235422170253,0.00141252827971257,100.576804478605,34.2494278013332,78.0158972062547,27.7340984557086,250,0,250,0,-0.0711234527880236,0.0113484356874099,0.950901279420096,0.0102295280476385,-6.7245589906223e-05,0.000899346611047664,1.48814694045818e-05,0.000703676134527719,-0.000166154188784412,0.000360037960014478,16.7899706928595,1.79312577361643,14.5831938700998,2.0664511720101,0,0,0,0,-0.0122746174438999,0.00819291856209778,-0.00136771022770209,0.00163489247670405
