"part","dist","n_rep","pi1","het","frac_up","method","n_rounds","d_tpr_ach05_mean","d_tpr_ach05_se","d_tpr_nom_05_mean","d_tpr_nom_05_se","d_pauc05_pe_mean","d_pauc05_pe_se","d_fpr_null05_mean","d_fpr_null05_se"
"Q","lnpois",5,0.01,0.5,0.5,"TOX-log-oracle",20,-0.00115350488021296,0.00187438498110634,0.00523502425947252,0.00259135579526526,-0.00010568009550308,0.000314970054695861,1.06022780650944e-05,1.87234482026282e-05
"Q","lnpois",5,0.01,1,0.5,"TOX-log-oracle",20,0.00104166666666667,0.00104166666666667,-0.00217391304347826,0.00217391304347826,1.84862725697788e-05,0.000102982912624654,1.06360348861944e-05,1.06360348861944e-05
"Q","lnpois",5,0.05,0.5,0.5,"TOX-log-oracle",20,-0.00717339277291605,0.00912578042627307,0.0252619699291132,0.0033869348684603,-0.000111292835026416,0.000182398675537792,0.000543653019743052,8.87716457649355e-05
"Q","lnpois",5,0.05,1,0.5,"TOX-log-oracle",20,0.00130227170118668,0.000770764044847856,-0.00150335818967929,0.000986612695551944,-6.98730320885466e-05,9.82834567902613e-05,-3.31577500294175e-05,4.0123539497955e-05
"Q","lnpois",5,0.1,0.5,0.5,"TOX-log-oracle",20,0.00183377261813509,0.00522797913411556,0.0401417226902869,0.00220302236384343,0.000353828584196375,0.000332348318513082,0.000932254887559523,0.000131904328568904
"Q","lnpois",5,0.1,1,0.5,"TOX-log-oracle",20,-0.00169785789198834,0.00130280123050468,-0.000840938266143376,0.000676078868399553,-0.000104598142442713,0.000100186502113638,-4.69080777894428e-05,7.67557493887281e-05
"Q","lnpois",5,0.3,0.5,0.5,"TOX-log-oracle",20,-0.00173654821494053,0.00305761150593651,0.0916653337212107,0.00277748316793924,-0.000407604138960282,0.000325097516375415,0.00408039188884584,0.000319850956113052
"Q","lnpois",5,0.3,1,0.5,"TOX-log-oracle",20,-0.000633547513137483,0.000930962867108136,-0.00110912750700283,0.000629753997041395,-0.000133341466290682,0.000131869111000489,0.000345700461691897,0.0001763956969327
"Q","lnpois",5,0.01,0.5,0.5,"TOX-log-blocked-oracle",20,0.0020639430610357,0.00209829025329389,0.00306122448979592,0.00306122448979592,-8.74428027100971e-05,0.000248820680611646,0,0
"Q","lnpois",5,0.01,1,0.5,"TOX-log-blocked-oracle",20,6.65483584738266e-05,0.00152952894902455,0.00104353489777039,0.00186378021684648,-3.49246446555096e-05,9.71197614157726e-05,0,0
"Q","lnpois",5,0.05,0.5,0.5,"TOX-log-blocked-oracle",20,0.00215949546907036,0.00290898642214274,0.0210497633152084,0.00365422646141695,-8.10121687925158e-05,0.000185247312405362,3.34190457391668e-05,2.4430961762116e-05
"Q","lnpois",5,0.05,1,0.5,"TOX-log-blocked-oracle",20,-0.000620207653693725,0.000948475333946823,0.000621078338354011,0.000767021738334783,-5.53644503016815e-05,7.72570652483883e-05,-5.11789185748309e-08,1.60168209076462e-05
"Q","lnpois",5,0.1,0.5,0.5,"TOX-log-blocked-oracle",20,0.00269663069523678,0.00308872888726258,0.0310050939298195,0.00282379156917154,0.000351649585166403,0.000301567753067811,3.49298046203452e-05,1.90758356291371e-05
"Q","lnpois",5,0.1,1,0.5,"TOX-log-blocked-oracle",20,-0.00052311095917823,0.00128177440970734,-0.00125667863721063,0.000895638163410083,-0.000133357699052927,9.35512407388834e-05,1.17754124461702e-05,4.92353684550805e-05
"Q","lnpois",5,0.3,0.5,0.5,"TOX-log-blocked-oracle",20,0.00115838669210399,0.00285871161815222,0.092061305615538,0.00406900427333452,-6.69795107182236e-05,0.000258877840962396,0.000887743761818599,0.000123963071928862
"Q","lnpois",5,0.3,1,0.5,"TOX-log-blocked-oracle",20,-0.0020245296847219,0.00109375757241511,-0.000493696664530746,0.000458574595913632,-0.000195897877598022,0.000108411666094212,4.49920614266013e-05,0.000125691867409144
