"part","dist","n_rep","pi1","het","frac_up","method","n_rounds","d_tpr_ach05_mean","d_tpr_ach05_se","d_pauc05_pe_mean","d_pauc05_pe_se","d_ap_pe_mean","d_ap_pe_se","d_tpr_nom_05_mean","d_tpr_nom_05_se"
"C","lnpois",5,0.1,1,0.5,"DESeq2",20,-0.0249108016729726,0.00448166930916229,-0.0101992454293307,0.000921985871130646,-0.0159416571106242,0.00103481289360666,0.031051065273109,0.00220960280258268
"C","lnpois",5,0.1,1,0.5,"edgeR",20,-0.00880401401751884,0.00399170942474737,-0.00530991120055871,0.000549513595408153,-0.0094668142470246,0.000587177182764802,0.00896899827361504,0.00190950305005232
"C","lnpois",5,0.1,1,0.5,"TOX-log-TMM",20,-0.00334701988246862,0.00284971123430757,-0.00103591022081826,0.000245059900677549,-0.00131230846793038,0.000235647593291609,0.012149288184305,0.00114892895010778
"C","lnpois",5,0.1,1,0.5,"TOX-log-TPM",20,-0.0505371180809322,0.0227006125109283,-0.0134409745687624,0.00338877067976128,-0.0257865598300496,0.00720673819464569,0.0130870606316349,0.00411260326522794
"C","lnpois",5,0.1,1,0.5,"TOX-log-TPM-centred",20,-0.0124656920157858,0.00276961769084127,-0.00193143565555719,0.000477525935832733,-0.00290481314104491,0.0006994437793125,0.00489241727511349,0.00172653703937098
"C","lnpois",5,0.1,1,0.7,"DESeq2",20,-0.0348073586860463,0.00418110046916154,-0.0100813223299866,0.00079707207833814,-0.0158944616666033,0.00104912110534571,0.029643792896697,0.00349461259621292
"C","lnpois",5,0.1,1,0.7,"edgeR",20,-0.0151005917058092,0.00364880434105996,-0.00616538654764037,0.000854356677555766,-0.00968119507357086,0.000878163155164299,0.00856394145928991,0.00200617916616855
"C","lnpois",5,0.1,1,0.7,"TOX-log-TMM",20,-0.00521619050855487,0.00226356348443525,-0.00117602358171279,0.000272720204958468,-0.00165812505765261,0.000313947042280641,0.00646613254797654,0.00163486288582958
"C","lnpois",5,0.1,1,0.7,"TOX-log-TPM",20,-0.0585978162029904,0.00776159822530105,-0.0281058656484888,0.00374073746051516,-0.0541328248627687,0.00727559548679643,-0.00447358207415454,0.00289330694692362
"C","lnpois",5,0.1,1,0.7,"TOX-log-TPM-centred",20,-0.00627509387415501,0.0025023722894951,-0.00066866120682651,0.000410190707662632,-0.000450878738005145,0.000519995024897741,0.0051160527113094,0.00154295899988424
"C","lnpois",5,0.1,1,0.9,"DESeq2",20,-0.0312584806868716,0.00368718855388773,-0.0128256140826828,0.000698818881213362,-0.0207175801490477,0.00104266518755246,0.0229672026360348,0.00213115669885796
"C","lnpois",5,0.1,1,0.9,"edgeR",20,-0.0130061751375243,0.00385922974078988,-0.00525438104205583,0.00078253284712426,-0.00913469304095075,0.00110128913992592,0.00853693620104227,0.0022219400202575
"C","lnpois",5,0.1,1,0.9,"TOX-log-TMM",20,-0.00881986635329358,0.00309780317588385,-0.00110380116099416,0.000262260158776232,-0.00202562424221522,0.000312051907415388,0.00633223760654933,0.00135852396385762
"C","lnpois",5,0.1,1,0.9,"TOX-log-TPM",20,-0.099593989662572,0.00458748979191639,-0.050682765385572,0.00270889523716141,-0.100212466373703,0.00572991306452014,-0.0363347809001706,0.00256925168855724
"C","lnpois",5,0.1,1,0.9,"TOX-log-TPM-centred",20,0.00509214641513456,0.00229462404810589,0.00398832597353975,0.000460116459974827,0.00790650575182177,0.000833320058399071,0.0120554435660773,0.0016008153518061
"C","lnpois",5,0.1,1,1,"DESeq2",20,-0.0347692467579688,0.00391057224685056,-0.0125378237002035,0.00104819770061427,-0.0210739204238708,0.00135443245907968,0.0217936584406954,0.00338249549507265
"C","lnpois",5,0.1,1,1,"edgeR",20,-0.0136779734385517,0.00231503468204545,-0.00533896745581859,0.000520320452023855,-0.00894712406175857,0.000481571769354905,0.00560280160184087,0.00250333412370339
"C","lnpois",5,0.1,1,1,"TOX-log-TMM",20,-0.00569402748229267,0.00188275642090275,-0.0014829083162629,0.000277555334734474,-0.00198816540071191,0.000403284796542176,0.00602776841448772,0.00150224580173638
"C","lnpois",5,0.1,1,1,"TOX-log-TPM",20,-0.143259990093898,0.025585868127075,-0.0619912509519133,0.0054081967558291,-0.12769696778478,0.011849130005279,-0.0515469696000136,0.00457617632824182
"C","lnpois",5,0.1,1,1,"TOX-log-TPM-centred",20,0.00957767593632622,0.00314092679087236,0.00898160333692117,0.00083247984546693,0.0170282536012724,0.00141085483906621,0.0155734098839914,0.00210942591952414
"P","bimodal",3,0.1,1,0.5,"DESeq2",20,0.067184421692841,0.0307024844961702,0.0938760363982269,0.00529777090283983,0.101382230722325,0.00703893034734732,-0.181279604404545,0.0167662645941445
"P","bimodal",3,0.1,1,0.5,"edgeR",20,0.0600791111959934,0.00958467266303292,0.0888287294234283,0.00389539517861384,0.130101275905666,0.00500901650348067,-0.0129924627365319,0.00536393963646883
"P","bimodal",3,0.1,1,0.5,"TOX-log",20,-0.450847527819968,0.00637497954402953,-0.188918665280385,0.00319224558982709,-0.385109097327087,0.00651498631522688,-0.320889608936524,0.00686544391182901
"P","bimodal",3,0.1,1,0.5,"TOX-log-blocked",20,-0.452131839939615,0.00665429190754005,-0.169341899407415,0.0032342239445922,-0.297168730057733,0.00610401315797167,-0.333892199467205,0.00760521840371025
"P","bimodal",3,0.1,1,0.5,"TOX-log-boot",20,-0.452453747224403,0.00664498876113004,-0.188436224412661,0.00324969272987433,-0.397074606352275,0.00590339452974608,-0.332507760509502,0.00737844757120417
"P","bimodal",3,0.1,1,0.5,"TOX-raw",20,-0.34837247223652,0.0231500905382118,-0.0157011199742,0.00509875604805765,-0.0201721834927595,0.00733541919570377,-0.207155735350445,0.00742845305186823
"P","bimodal",3,0.1,1,0.5,"TOX-raw-blocked",20,-0.434620802888942,0.00703397573473287,-0.0618917065448103,0.00385166727770358,-0.0824069217631833,0.00615199380501019,-0.330911587082353,0.00737357685178158
"P","bimodal",5,0.1,1,0.5,"DESeq2",20,0.370104635769282,0.0258560905964867,0.171099760161077,0.00816241263895186,0.298537260296008,0.0144776260562715,-0.0161885076109433,0.0221700843152593
"P","bimodal",5,0.1,1,0.5,"edgeR",20,0.236862150715387,0.0281600079262918,0.128732406107446,0.00872810304033617,0.24264199240621,0.0151624665784754,-0.292559429995726,0.0220656899610168
"P","bimodal",5,0.1,1,0.5,"TOX-log",20,-0.215145999729045,0.0248149981000675,-0.0772981781861226,0.00926167050423312,-0.123902674707475,0.0175980987956465,-0.182117177059779,0.0235024814401477
"P","bimodal",5,0.1,1,0.5,"TOX-log-blocked",20,-0.254872320586141,0.0218436843005513,-0.0542961548631256,0.00923787048490932,-0.0667081484310493,0.0168747683624686,-0.296314842791856,0.0223801959648821
"P","bimodal",5,0.1,1,0.5,"TOX-log-boot",20,-0.302786133696981,0.0226147377773256,-0.0799580897384539,0.00912802513792308,-0.136511060785825,0.0172556811960754,-0.233184414391823,0.0248215997229759
"P","bimodal",5,0.1,1,0.5,"TOX-raw",20,0.153499699672174,0.0254135748672233,0.109104988461351,0.00900487428794734,0.215644525299955,0.0156672456876187,0.187576212202227,0.0244321405180947
"P","bimodal",5,0.1,1,0.5,"TOX-raw-blocked",20,0.0607270614462844,0.0290201266554499,0.107745949692647,0.00895192188042497,0.220720568341292,0.0158054011628833,-0.282565883679027,0.023444451599891
"P","bimodal",10,0.1,1,0.5,"DESeq2",20,0.41988201337673,0.00680322123037195,0.217078082481652,0.00339942397158929,0.381154343838898,0.00721460019511849,0.242051045970335,0.00823577758311492
"P","bimodal",10,0.1,1,0.5,"edgeR",20,0.443123307862049,0.00646541849291421,0.220579228845086,0.00315404044424132,0.38469074147138,0.00700476317024537,0.0702393686645144,0.00849150074202428
"P","bimodal",10,0.1,1,0.5,"TOX-log",20,-0.103137552416946,0.0262863317980743,0.0159257419468115,0.00219477158331248,0.0597631236903671,0.00401340506496625,0.148462434564941,0.0088193458425997
"P","bimodal",10,0.1,1,0.5,"TOX-log-blocked",20,-0.0547012519410809,0.0124676137867086,0.0300079011765403,0.00226481469786657,0.0919844458082209,0.00393863346000021,0.0132686988883202,0.00889266964524709
"P","bimodal",10,0.1,1,0.5,"TOX-log-boot",20,-0.0833936642406587,0.012669992711035,0.0164256426878927,0.002206861328612,0.0620152068704692,0.00373720164771205,0.104440298754015,0.0112892898535789
"P","bimodal",10,0.1,1,0.5,"TOX-raw",20,0.398301261246319,0.00728015784815913,0.201849632117757,0.00297468081816088,0.36279627289949,0.00651667258045266,0.560594348276779,0.00716963133475669
"P","bimodal",10,0.1,1,0.5,"TOX-raw-blocked",20,0.384206539775467,0.0075936363495203,0.201615562985565,0.00286568186550956,0.366416637422313,0.00657082768552979,0.479886291271599,0.00800005311448846
"P","lnpois",3,0.1,1,0.5,"DESeq2",20,-0.0315743571844456,0.00344719817543796,-0.00955223144683734,0.000709048521877971,-0.0154485036788014,0.000966390248031329,0.0337225983180472,0.00307607305743622
"P","lnpois",3,0.1,1,0.5,"edgeR",20,-0.0111164364679998,0.00328754129522395,-0.0048074948491344,0.000516834083683315,-0.0085487858100163,0.000662468451911981,0.00499639720426447,0.00161313554969445
"P","lnpois",3,0.1,1,0.5,"TOX-log",20,-0.00430840160677376,0.00312358026978775,0.0021222407296298,0.000731003217913284,0.00371736623608359,0.00124377819637198,0.019451058248458,0.00152474840393349
"P","lnpois",3,0.1,1,0.5,"TOX-log-blocked",20,-0.00173833596305049,0.00275599519175214,0.00238547922910249,0.000732962180035783,0.00425444038901536,0.00124568585179287,-0.0827449488696988,0.00245285598426428
"P","lnpois",3,0.1,1,0.5,"TOX-log-boot",20,-0.00259407349942669,0.00329620266556559,0.00225774596603513,0.000731381779896596,0.00400906523565744,0.00123075104896244,0.0117867141464206,0.0018395299407049
"P","lnpois",3,0.1,1,0.5,"TOX-raw",20,-0.0782448226222508,0.00810340752213911,-0.00750642996145511,0.000976682689202001,-0.0131326113697994,0.00149790005728682,-0.112959794624535,0.00519203639565273
"P","lnpois",3,0.1,1,0.5,"TOX-raw-blocked",20,-0.0495649004822279,0.00538220917320521,-0.00668419772794438,0.000939462201729802,-0.0130170625666566,0.00172903052198867,-0.415049996307499,0.0136945458639101
"P","lnpois",5,0.1,1,0.5,"DESeq2",20,-0.0370279707796521,0.00392841516928993,-0.0118827912396984,0.000830887033832034,-0.0163233230413724,0.000826057170241662,0.0216757036754456,0.00235893961860191
"P","lnpois",5,0.1,1,0.5,"edgeR",20,-0.0134863139060354,0.00332921662826005,-0.00514051685758644,0.000633354748046075,-0.0070907597502314,0.000667337888530939,0.00869335712717638,0.00178828544922082
"P","lnpois",5,0.1,1,0.5,"TOX-log",20,0.00491901530589795,0.00412026672730262,0.003245258849079,0.00101661412879441,0.00544887848187379,0.00149220028007411,0.0153579730448482,0.00349585751108704
"P","lnpois",5,0.1,1,0.5,"TOX-log-blocked",20,0.00597923987221235,0.00378858441976241,0.00331582057038148,0.00101571613107343,0.00557417832335014,0.00149691435271547,-0.03925445110067,0.00401544421448811
"P","lnpois",5,0.1,1,0.5,"TOX-log-boot",20,0.00628420609241712,0.00379699632295105,0.00336060427809913,0.00106152404567431,0.00552389714255793,0.00152491768848067,0.0101309551574912,0.00350794069595221
"P","lnpois",5,0.1,1,0.5,"TOX-raw",20,-0.0376941499676128,0.00789289647511363,-0.00610569643629936,0.00112317656727437,-0.00839336813204098,0.00154779458501457,-0.201507788475647,0.00596961551925867
"P","lnpois",5,0.1,1,0.5,"TOX-raw-blocked",20,-0.0120675327665013,0.00438108152733324,-0.00358003434242974,0.00117901041132048,-0.00472859574282304,0.00151176506908906,-0.422969708712168,0.0211397697724699
"P","lnpois",10,0.1,1,0.5,"DESeq2",20,-0.0248557144500782,0.00363721079794435,-0.00998961207189676,0.000806542926738763,-0.0133804788717285,0.000782302403920577,0.0143824664881148,0.00247365091143283
"P","lnpois",10,0.1,1,0.5,"edgeR",20,-0.01014414339353,0.00218013869609943,-0.00484285413974531,0.000499494380109364,-0.00663393731668627,0.000655809139881954,0.00508021697150877,0.0017980232276855
"P","lnpois",10,0.1,1,0.5,"TOX-log",20,0.00973607197238084,0.00175943067253293,0.00361268813828906,0.000791683567251962,0.00553692847210275,0.00111650996331259,0.00737601797349463,0.00157829178205125
"P","lnpois",10,0.1,1,0.5,"TOX-log-blocked",20,0.00857043027146125,0.00170645209089734,0.00363346705316983,0.000802271960878192,0.00555454244957535,0.00111501026348264,-0.0142593827773564,0.00173749489248039
"P","lnpois",10,0.1,1,0.5,"TOX-log-boot",20,0.00846638083568053,0.0019582054110054,0.00359656624456212,0.000789154520792118,0.00555668230701689,0.00111799575631804,0.00587774843250831,0.0017141276181104
"P","lnpois",10,0.1,1,0.5,"TOX-raw",20,-0.00943931855730063,0.00333124688696927,-0.00334326603949279,0.000985859831406327,-0.00332201643830436,0.00143838778384982,-0.13655874340563,0.00521913646322755
"P","lnpois",10,0.1,1,0.5,"TOX-raw-blocked",20,-0.00533306367451185,0.00302107787409055,-0.00241082389943694,0.00101857967609411,-0.00237692815179626,0.00147536091908479,-0.0737084172820349,0.00391743650176198
"P","nb",3,0.1,1,0.5,"DESeq2",20,-0.0152350871400168,0.00477087907095344,-0.00213358671908088,0.000863584553073993,-0.00132163044773329,0.000890006278930443,0.053793878177424,0.00279903225885871
"P","nb",3,0.1,1,0.5,"edgeR",20,0.018443805076912,0.00359577644022387,0.00593135313552859,0.000521086362661723,0.0107039488888607,0.000692604038698483,0.0188350944295961,0.0025420453062957
"P","nb",3,0.1,1,0.5,"TOX-log",20,0.000804188451608284,0.00275580005782271,0.00253974388714215,0.000802930213023642,0.0056014015515494,0.00133531020249722,0.0294499439915618,0.00344778540222634
"P","nb",3,0.1,1,0.5,"TOX-log-blocked",20,0.0024189231758562,0.00307655442284371,0.00280014217621606,0.000829274333794481,0.00606570221213002,0.00137519558705935,-0.0821964678112432,0.00421050613749009
"P","nb",3,0.1,1,0.5,"TOX-log-boot",20,0.00126409490866798,0.00439305039172872,0.00279182409459278,0.000851865588789048,0.00604164993059088,0.00138482936662734,0.0272132881960532,0.00394413756084581
"P","nb",3,0.1,1,0.5,"TOX-raw",20,-0.0515592121453745,0.00700324974178488,0.00248620408803908,0.00081015893731563,0.00472123627226306,0.00161416555437237,-0.0819670734991755,0.00556079292759555
"P","nb",3,0.1,1,0.5,"TOX-raw-blocked",20,-0.0234500042001833,0.00793336317557459,0.00340338448118019,0.000869835522232929,0.00367549548233275,0.00232553028684985,-0.364773729344633,0.0147812160008218
"P","nb",5,0.1,1,0.5,"DESeq2",20,-0.0134135007857553,0.00409102102878071,-0.000574412920445966,0.000709567140035934,-0.000377524407247137,0.00101816712883573,0.0428391286445614,0.00286457080355864
"P","nb",5,0.1,1,0.5,"edgeR",20,0.0170912471034687,0.00273863943287667,0.00677867112245555,0.000577801291172164,0.00984946013383447,0.000753874490415871,0.0252756327878207,0.00275578809609158
"P","nb",5,0.1,1,0.5,"TOX-log",20,0.00327728279946262,0.00397605181181125,0.00385848282206157,0.000722710748804065,0.00576615369537919,0.000982104056245986,0.0154304359473413,0.00276495431002539
"P","nb",5,0.1,1,0.5,"TOX-log-blocked",20,0.00690753972989825,0.00420593582241915,0.00414945418198121,0.00070775244469807,0.0062135491635337,0.000953805169861267,-0.0423403599493914,0.00270344972781386
"P","nb",5,0.1,1,0.5,"TOX-log-boot",20,0.00722573789092364,0.00363199724593254,0.00413482404560236,0.000751690794145034,0.00617956139037712,0.000978147273823919,0.017472237549409,0.00243388206760587
"P","nb",5,0.1,1,0.5,"TOX-raw",20,-0.00725138362947099,0.0039930093322756,0.00565329874243253,0.000793242600496153,0.00829466624066513,0.00113845481684268,-0.1180279625964,0.00436253521101402
"P","nb",5,0.1,1,0.5,"TOX-raw-blocked",20,0.0116070240207824,0.0036220860948902,0.00726345682240551,0.000782887353574913,0.010553628799677,0.00113234499461661,-0.342096187762191,0.0179817882213694
"P","nb",10,0.1,1,0.5,"DESeq2",20,-0.0103174437563883,0.00254207237996865,-0.000809980705003221,0.000819553987277889,-0.000308209379533203,0.000829517879164899,0.0293786572742737,0.00206057868786086
"P","nb",10,0.1,1,0.5,"edgeR",20,0.0142714027757091,0.00298265030620997,0.00507005242274405,0.00060233373794226,0.00774836345283024,0.000708850282835731,0.0197924799278172,0.00164333592256466
"P","nb",10,0.1,1,0.5,"TOX-log",20,0.00915223341917377,0.00337631085026706,0.00436705114962728,0.000864678812376045,0.00672692319985413,0.00110781999749137,0.00726257119490291,0.00188929577652205
"P","nb",10,0.1,1,0.5,"TOX-log-blocked",20,0.00924363894058622,0.00316025502918075,0.00438257035454521,0.000843473854782872,0.00669384326796746,0.00110185077135232,-0.0125834533701171,0.00235856417517184
"P","nb",10,0.1,1,0.5,"TOX-log-boot",20,0.00946621993607948,0.0036005190345392,0.00433689724025312,0.000847751471679781,0.00662355785712417,0.00110971534000819,0.0127131639654151,0.00185079742497257
"P","nb",10,0.1,1,0.5,"TOX-raw",20,0.0149062248887001,0.00361107483879114,0.00695158043607837,0.000956806403148797,0.0107644539338429,0.00134554061643608,-0.0538448852526812,0.0041587122091994
"P","nb",10,0.1,1,0.5,"TOX-raw-blocked",20,0.0172516347683762,0.00371772458992642,0.00756425911501256,0.000950512885940487,0.0116199110845141,0.00129931285760518,-0.0407828707679451,0.00426431751360339
"P","tpois",3,0.1,1,0.5,"DESeq2",20,-0.0446691283559161,0.00450349379796062,-0.0116124029717314,0.000778683031922179,-0.0161236302305821,0.00111811434402073,0.112246638221172,0.0030051215098329
"P","tpois",3,0.1,1,0.5,"edgeR",20,-0.0128325289277725,0.00307281894594567,-0.00645478810320318,0.000650201695266965,-0.00817533305205704,0.000872786934200962,0.00320458565932407,0.00317732403363333
"P","tpois",3,0.1,1,0.5,"TOX-log",20,-0.122015162907948,0.00627873127933718,-0.0310165413617115,0.00192832271778858,-0.041140391153792,0.00252066296941317,0.0140821799734293,0.00443385065342658
"P","tpois",3,0.1,1,0.5,"TOX-log-blocked",20,-0.122494457846755,0.00638296923418912,-0.0300320660446308,0.00193843190383136,-0.0390777125091575,0.00257281303369163,-0.0921799152023581,0.00525524373784667
"P","tpois",3,0.1,1,0.5,"TOX-log-boot",20,-0.134212775593065,0.00719714388796951,-0.0304391356884099,0.00195876484315708,-0.0415201448921557,0.00271153127715708,0.0660097583073314,0.00502715543708062
"P","tpois",3,0.1,1,0.5,"TOX-raw",20,-0.221263308575144,0.00931896781084069,-0.0541652009222343,0.00218012637669322,-0.0726887870944017,0.00329255222077139,-0.139892514850355,0.00619608582589889
"P","tpois",3,0.1,1,0.5,"TOX-raw-blocked",20,-0.185916146452808,0.00749746149468688,-0.0504450572787448,0.00201693560579152,-0.0668630593713952,0.00301253109429385,-0.354219693190649,0.00943178730111566
"P","tpois",5,0.1,1,0.5,"DESeq2",20,-0.0240180908324036,0.00349143412829756,-0.0104709875991425,0.00111489656378469,-0.0187324146395637,0.00158914429356111,0.0619272089250889,0.0047833838211527
"P","tpois",5,0.1,1,0.5,"edgeR",20,-0.0122758168022141,0.00289742539150997,-0.00839286486622733,0.000987050796808104,-0.012757306612207,0.0010862585974794,0.00926635048489525,0.00243826306515954
"P","tpois",5,0.1,1,0.5,"TOX-log",20,-0.0629060486078768,0.00524841376884132,-0.0171110284266582,0.001420246694156,-0.0202927374308878,0.00229501155523263,-0.0715555377756193,0.00372393774435569
"P","tpois",5,0.1,1,0.5,"TOX-log-blocked",20,-0.0533899139725082,0.00506901256583274,-0.0159385958429707,0.00149915885590776,-0.0189655823818411,0.00236756719591358,-0.0849053183228563,0.00480292392473062
"P","tpois",5,0.1,1,0.5,"TOX-log-boot",20,-0.0544735965041191,0.00476416604480342,-0.0161162117115597,0.00145947419766925,-0.0193936546949215,0.00229271828873415,0.0170777154666943,0.00309357757227541
"P","tpois",5,0.1,1,0.5,"TOX-raw",20,-0.306434977119334,0.00775226462761049,-0.0673795946975566,0.00202485522454688,-0.0874344403377823,0.00336931564122443,-0.380812388557396,0.0109727343628278
"P","tpois",5,0.1,1,0.5,"TOX-raw-blocked",20,-0.171909355442592,0.00658476067939336,-0.0532710066132406,0.00203649033809246,-0.0647944450853475,0.00312861376642753,-0.511873820831015,0.0103997212657323
"P","tpois",10,0.1,1,0.5,"DESeq2",20,-0.0099715036112061,0.00256996660273806,-0.0044875496999319,0.000562975400821763,-0.00596487310797926,0.000932812063886582,0.0343849306527032,0.00237397272971788
"P","tpois",10,0.1,1,0.5,"edgeR",20,-0.0251179559738843,0.00201687441762255,-0.0138770983921484,0.00081769248888708,-0.0202420382873853,0.00108758338693287,0.0061797628102298,0.00237950025423633
"P","tpois",10,0.1,1,0.5,"TOX-log",20,-0.0297824095744933,0.00297448386340945,-0.00695015820612978,0.000998767265490354,-0.00581081062405682,0.00112081952388349,-0.0862994479229104,0.00509344910729302
"P","tpois",10,0.1,1,0.5,"TOX-log-blocked",20,-0.02872557039968,0.00314406820980042,-0.00656569038739623,0.000996151045237012,-0.00538383249797091,0.00110819963905166,-0.04139496949208,0.00284847092349252
"P","tpois",10,0.1,1,0.5,"TOX-log-boot",20,-0.0277769769390498,0.00304310504983118,-0.0065090111018016,0.000995581537300294,-0.00551422774006756,0.00107979697095232,0.00352461872802854,0.00234924882082752
"P","tpois",10,0.1,1,0.5,"TOX-raw",20,-0.274240123227603,0.0124257448127189,-0.0658536356399169,0.00209336760200757,-0.0776416850438227,0.00271237003523283,-0.598505263833833,0.00566503723477146
"P","tpois",10,0.1,1,0.5,"TOX-raw-blocked",20,-0.166280349051312,0.00970864144332211,-0.0534441682238705,0.0019590225110288,-0.0603967556140336,0.00226242627420278,-0.536914217214585,0.00921096488628637
"Q","lnpois",5,0.01,0.5,0.5,"DESeq2",20,-0.0795812213919291,0.0140273693040215,-0.0498087287991881,0.00619301377264658,-0.107474437211383,0.0152276488040564,-0.0265741893581361,0.0100629478755371
"Q","lnpois",5,0.01,0.5,0.5,"edgeR",20,-0.023994920246853,0.0090995606476242,0.000878079621634376,0.00483280443006944,0.000864992588630772,0.0106078587680144,0.00203368310433528,0.00974777079341202
"Q","lnpois",5,0.01,0.5,0.5,"TOX-log",20,-0.027332263668229,0.0128215347317698,0.020473094100979,0.00388707754964599,0.0282987532159604,0.00666675932647705,0.0246829660325431,0.00721510807195401
"Q","lnpois",5,0.01,0.5,0.5,"TOX-log-blocked",20,-0.00214460823855234,0.00733729910101311,0.0213545312361713,0.00400105082204039,0.0343308524585774,0.00616244672366924,-0.0647259172555855,0.0126954261329663
"Q","lnpois",5,0.01,0.5,0.5,"TOX-log-blocked-oracle",20,-8.06651775166391e-05,0.00801031303971406,0.0212670884334612,0.00393993588267735,0.0332455768890883,0.00635970002625499,-0.0616646927657896,0.0120568814571368
"Q","lnpois",5,0.01,0.5,0.5,"TOX-log-boot",20,-0.0197652508680988,0.0141156265057283,0.0221419393153253,0.00399432871490348,0.0406125412236288,0.0071733067238882,-0.0557552035152636,0.0137420612721467
"Q","lnpois",5,0.01,0.5,0.5,"TOX-log-oracle",20,-0.028485768548442,0.0119742012601202,0.0203674140054759,0.003817990449969,0.0266609030508413,0.006679907467542,0.0299179902920157,0.0078491969688144
"Q","lnpois",5,0.01,0.5,0.5,"TOX-raw",20,-0.0588108021444218,0.0128914435578124,0.00787031871251627,0.00550499658750225,-0.0205338854237325,0.0130917162843875,-0.0625398603166212,0.0125233592366218
"Q","lnpois",5,0.01,0.5,0.5,"TOX-raw-blocked",20,-0.0380887391300534,0.0125355746021663,0.010263675043312,0.00550696185659469,0.00140583759064012,0.0125774577113501,-0.0974082647397534,0.0167216905982077
"Q","lnpois",5,0.01,1,0.5,"DESeq2",20,-0.0258636270671754,0.011269385392981,-0.0107810091184757,0.00232032774194558,-0.0316722569890304,0.0047316018007903,0.0378913200802985,0.00695166602149569
"Q","lnpois",5,0.01,1,0.5,"edgeR",20,-0.0117235940461459,0.00912249667397325,-0.00763947006888059,0.00194521394789027,-0.0182261049420624,0.00270747118658056,0.013684723611924,0.00469414050017617
"Q","lnpois",5,0.01,1,0.5,"TOX-log",20,-0.0822085661739256,0.0304888664032206,-0.0015259106311679,0.00121959669870194,-0.0061908681222784,0.00225510088079055,0.0211144498754846,0.0051123689095986
"Q","lnpois",5,0.01,1,0.5,"TOX-log-blocked",20,0.00106196155613031,0.00493707281707172,-0.00125925395183916,0.0012302216291675,-0.00476514631083783,0.00203502319897968,-0.0757574770005555,0.00816502268703294
"Q","lnpois",5,0.01,1,0.5,"TOX-log-blocked-oracle",20,0.00112850991460414,0.00513920831152715,-0.00129417859649467,0.00117703224275037,-0.00477465625929291,0.00198717455198441,-0.0747139421027851,0.0084713092731218
"Q","lnpois",5,0.01,1,0.5,"TOX-log-boot",20,-0.081540452906417,0.0335526877365605,-0.00114004994067366,0.00112819650684986,-0.00476920193634307,0.00195599727795333,-0.00232373573851373,0.00749567885306568
"Q","lnpois",5,0.01,1,0.5,"TOX-log-oracle",20,-0.081166899507259,0.0306167565957096,-0.00150742435859812,0.00117842827774482,-0.00621083556353801,0.00230054994435719,0.0189405368320064,0.00507391731327167
"Q","lnpois",5,0.01,1,0.5,"TOX-raw",20,-0.133005440575019,0.0329252275575753,-0.0118596183613269,0.00268834002516307,-0.046070679346313,0.00482357783210095,-0.153680770327642,0.013026264470552
"Q","lnpois",5,0.01,1,0.5,"TOX-raw-blocked",20,-0.0737617287012358,0.0185363739658764,-0.0106604967531547,0.00267529726237869,-0.0326791403515992,0.0044867189385322,-0.40994009181757,0.0305515466122919
"Q","lnpois",5,0.05,0.5,0.5,"DESeq2",20,-0.0778364898431844,0.00971746873204639,-0.0380509046840163,0.00238833579150292,-0.0871843550480469,0.00477903000452976,-0.0123396208648159,0.00463644540415884
"Q","lnpois",5,0.05,0.5,0.5,"edgeR",20,-0.0103153880816772,0.00700399471358314,-0.00140760551234126,0.00219788452900405,-0.00335600606305135,0.00402847207809919,-0.0060005640024428,0.00455334114452125
"Q","lnpois",5,0.05,0.5,0.5,"TOX-log",20,0.0518657817859715,0.0082403959358928,0.0309906713572398,0.00240747249485306,0.0657566013739794,0.00522691764442009,0.0628921848199612,0.00649671198667156
"Q","lnpois",5,0.05,0.5,0.5,"TOX-log-blocked",20,0.0597397145932735,0.00685747648552422,0.0316676298203387,0.00242081980465889,0.068665070208572,0.00500905574016,-0.0290764074931996,0.00716907538549344
"Q","lnpois",5,0.05,0.5,0.5,"TOX-log-blocked-oracle",20,0.0618992100623439,0.00596076974941461,0.0315866176515462,0.00243643942393993,0.0686731050681983,0.00495202396826016,-0.00802664417799127,0.00696845773534472
"Q","lnpois",5,0.05,0.5,0.5,"TOX-log-boot",20,0.0618102331459868,0.00748175241422537,0.032028596359925,0.00246388145430241,0.0698101924620237,0.00520238239488838,0.070713072425178,0.00654080691471401
"Q","lnpois",5,0.05,0.5,0.5,"TOX-log-oracle",20,0.0446923890130555,0.00826056600754995,0.0308793785222134,0.00241701043635048,0.0660330587924085,0.00496637083344977,0.0881541547490744,0.00603977550421663
"Q","lnpois",5,0.05,0.5,0.5,"TOX-raw",20,-0.0151381605808506,0.0123329442334257,0.0227792434776556,0.00244550635532899,0.0388848045673659,0.00591446031236041,-0.0503644771664883,0.0120388540775168
"Q","lnpois",5,0.05,0.5,0.5,"TOX-raw-blocked",20,0.00568158194852353,0.0107426980441134,0.0243912075239593,0.002330162146339,0.0444910424257598,0.00561356814317459,-0.104859994561816,0.0130646528505155
"Q","lnpois",5,0.05,1,0.5,"DESeq2",20,-0.0338325346570769,0.00455089159143102,-0.00978177334522339,0.00125967301583085,-0.0169770433794264,0.00195722590090845,0.0285872528933179,0.00425247487781059
"Q","lnpois",5,0.05,1,0.5,"edgeR",20,-0.00854413775277204,0.0024000090550402,-0.00564291908716883,0.000632399400917682,-0.00870958450212071,0.000953032445912126,0.00940954771834774,0.00281606389875177
"Q","lnpois",5,0.05,1,0.5,"TOX-log",20,-0.00651591800500695,0.00434959887066756,0.0008767644394442,0.000685458422268805,0.00119807388519975,0.0012745241667971,0.00850554633157345,0.00312246070363055
"Q","lnpois",5,0.05,1,0.5,"TOX-log-blocked",20,-0.00775778394136496,0.00354154621412985,0.000948153692691084,0.000682356396605154,0.00142536196374303,0.00125154270392024,-0.0544710945278931,0.00399404015434681
"Q","lnpois",5,0.05,1,0.5,"TOX-log-blocked-oracle",20,-0.00837799159505868,0.00362028826263549,0.000892789242389402,0.000723862363342527,0.00123786550978594,0.00129189877873326,-0.0538500161895391,0.00377679204701362
"Q","lnpois",5,0.05,1,0.5,"TOX-log-boot",20,-0.0073089183448262,0.00400927891965814,0.000868142875546862,0.000736554129342943,0.0011249553953782,0.0013167989193745,0.00297492364554091,0.00212569217561478
"Q","lnpois",5,0.05,1,0.5,"TOX-log-oracle",20,-0.00521364630382027,0.00425735687723465,0.000806891407355653,0.000737250700232076,0.000899894310127841,0.0013338523526611,0.00700218814189416,0.002799747882815
"Q","lnpois",5,0.05,1,0.5,"TOX-raw",20,-0.0739227470527454,0.00814218265310888,-0.00927929195246209,0.0010549266244493,-0.0187716611506747,0.00200944453478181,-0.196104643766083,0.00568597446043167
"Q","lnpois",5,0.05,1,0.5,"TOX-raw-blocked",20,-0.0287570611551825,0.00561499238083997,-0.00720079889971663,0.000902294723510908,-0.0146123965501678,0.00185422990634822,-0.516597058463846,0.0159180282457548
"Q","lnpois",5,0.1,0.5,0.5,"DESeq2",20,-0.0511048086781435,0.00487454149693034,-0.0240765409290169,0.00211927856334528,-0.0522024093344069,0.00388073230653308,0.0126606751176254,0.0032476977035776
"Q","lnpois",5,0.1,0.5,0.5,"edgeR",20,-0.0126796370498239,0.00510407539779019,0.00142782300992904,0.00168614320209279,0.00373876031869816,0.00306122922966879,-0.00439067900125023,0.00401752478376259
"Q","lnpois",5,0.1,0.5,0.5,"TOX-log",20,0.080724279476243,0.00724286469306623,0.0408313764607304,0.00174407024149203,0.0784492466850815,0.00335366111368392,0.0771283338060303,0.00357691915869362
"Q","lnpois",5,0.1,0.5,0.5,"TOX-log-blocked",20,0.086400667328441,0.00659361790740488,0.041452776457544,0.00172978755137965,0.0799913149411688,0.00334838456637843,-0.000599274157742757,0.00276481993659942
"Q","lnpois",5,0.1,0.5,0.5,"TOX-log-blocked-oracle",20,0.0890972980236778,0.00541557093613799,0.0418044260427104,0.00154776601603991,0.0806300933677498,0.00316238162533834,0.0304058197720767,0.00374539803988688
"Q","lnpois",5,0.1,0.5,0.5,"TOX-log-boot",20,0.0897255184093929,0.00671087799966258,0.0418741152867294,0.00171579639365614,0.0809736356556632,0.0032807256551193,0.095884332224773,0.00420194682283111
"Q","lnpois",5,0.1,0.5,0.5,"TOX-log-oracle",20,0.0825580520943781,0.00539889802624715,0.0411852050449268,0.00155192103473183,0.0791646636862788,0.00316829169814973,0.117270056496317,0.00438990993274648
"Q","lnpois",5,0.1,0.5,0.5,"TOX-raw",20,0.0300072509230756,0.0111947685750586,0.0346785874329265,0.00231899627106673,0.0656823494374287,0.00443818914593308,-0.0388143226455405,0.00572272591673466
"Q","lnpois",5,0.1,0.5,0.5,"TOX-raw-blocked",20,0.0413932290128238,0.0122739031792986,0.0354176521513779,0.00224388040941738,0.0680724514095287,0.00433266895639962,-0.0869859030537383,0.0081625883403273
"Q","lnpois",5,0.1,1,0.5,"DESeq2",20,-0.0325628106639014,0.00353165908236034,-0.0099874904335458,0.000562227323704298,-0.0152864662102361,0.000836062310449909,0.0194720722392622,0.00262946065790917
"Q","lnpois",5,0.1,1,0.5,"edgeR",20,-0.0155534712018663,0.00227409841272754,-0.00463667532491011,0.00059075959025535,-0.00759903666110462,0.000797787881881918,0.00741425397876373,0.0018751958987873
"Q","lnpois",5,0.1,1,0.5,"TOX-log",20,0.000833009059502507,0.00344736160729778,0.00314180549589659,0.000763100399499075,0.00522487777912541,0.00126867884564355,0.011225057217207,0.00269432271923652
"Q","lnpois",5,0.1,1,0.5,"TOX-log-blocked",20,0.00263490908958438,0.00289368590764724,0.00325024115286195,0.000749916775752716,0.00540126171904399,0.00126173364408319,-0.0442811607380568,0.00378349475537713
"Q","lnpois",5,0.1,1,0.5,"TOX-log-blocked-oracle",20,0.00211179813040615,0.00319367121061572,0.00311688345380902,0.000719352997215877,0.00525914002089801,0.00122510197268208,-0.0455378393752674,0.00398688540650925
"Q","lnpois",5,0.1,1,0.5,"TOX-log-boot",20,0.00368117078943735,0.00286834763618729,0.00313742945648019,0.00072861309348968,0.00520624597988653,0.00125400938599921,0.00857305443858723,0.00237617334774072
"Q","lnpois",5,0.1,1,0.5,"TOX-log-oracle",20,-0.000864848832485832,0.00323392025899336,0.00303720735345387,0.000725449581241396,0.00506939267251248,0.00122199086895372,0.0103841189510636,0.00254109939106874
"Q","lnpois",5,0.1,1,0.5,"TOX-raw",20,-0.03657169725992,0.0070923142508224,-0.0048585813956948,0.000953288557300617,-0.00737700917497278,0.00156220119502799,-0.198152698654239,0.00574877847226016
"Q","lnpois",5,0.1,1,0.5,"TOX-raw-blocked",20,-0.0187287138332557,0.00534247588233372,-0.00295891024143809,0.000935664437528578,-0.00465923596057231,0.00169362843127704,-0.39202282426169,0.01953937512239
"Q","lnpois",5,0.3,0.5,0.5,"DESeq2",20,-0.0348780482488618,0.00447553354148165,-0.0134004031530155,0.00108446987110451,-0.0233437045810572,0.00217740182250458,0.0607939392114422,0.00285940868528107
"Q","lnpois",5,0.3,0.5,0.5,"edgeR",20,0.00781430782890626,0.00394715486319447,0.00461189012039319,0.00119305948353077,0.00758894505618645,0.00134505139295622,0.00923859887306599,0.00262675151700255
"Q","lnpois",5,0.3,0.5,0.5,"TOX-log",20,0.160739523056027,0.00892026350870627,0.0639798320699626,0.003201781095171,0.0878225280889093,0.00443940952369167,0.107866050048162,0.00511368841357591
"Q","lnpois",5,0.3,0.5,0.5,"TOX-log-blocked",20,0.159452797138869,0.0087072957808739,0.0642688369272578,0.00318918832052211,0.0880522262258526,0.00442973938497522,0.0387977972876014,0.00372113405016455
"Q","lnpois",5,0.3,0.5,0.5,"TOX-log-blocked-oracle",20,0.160611183830973,0.00844109453484606,0.0642018574165395,0.00315104188504825,0.0881043905786673,0.00437863364886922,0.130859102903139,0.00659750575651437
"Q","lnpois",5,0.3,0.5,0.5,"TOX-log-boot",20,0.161789016622963,0.00844748418953069,0.0646449094145942,0.00321185334845733,0.0882818317847407,0.00442587716845968,0.136247670505719,0.00533654257420266
"Q","lnpois",5,0.3,0.5,0.5,"TOX-log-oracle",20,0.159002974841086,0.00804025490893757,0.0635722279310023,0.00314865817822721,0.0875922617943314,0.00437843348751999,0.199531383769373,0.00653363303422791
"Q","lnpois",5,0.3,0.5,0.5,"TOX-raw",20,0.141369620376716,0.0111789752877674,0.06085661359951,0.00356756667086375,0.0866331587819178,0.00503932317994118,-0.0286500190995746,0.00248779701630347
"Q","lnpois",5,0.3,0.5,0.5,"TOX-raw-blocked",20,0.148174790068531,0.0116350303749013,0.0618912068470417,0.00360945347728674,0.0868925993841347,0.00504204450826943,-0.0754706250576376,0.00449776068735403
"Q","lnpois",5,0.3,1,0.5,"DESeq2",20,-0.032833628894645,0.00329510665959453,-0.0143760289674745,0.000868283986478998,-0.0126783572335071,0.000763850744979178,0.0187260660462352,0.00175389868357704
"Q","lnpois",5,0.3,1,0.5,"edgeR",20,-0.00937136051056725,0.00196152122622021,-0.00429008371220904,0.000389051947475222,-0.00445606879372105,0.000337016679301731,0.00903444213144005,0.00129214613320772
"Q","lnpois",5,0.3,1,0.5,"TOX-log",20,0.0397850093229999,0.00548844805389882,0.0180215018164531,0.00246608576879227,0.0183127028498477,0.0024634961835818,0.0236085703557007,0.00274707731251831
"Q","lnpois",5,0.3,1,0.5,"TOX-log-blocked",20,0.0403882613005737,0.00543701067912003,0.0181967727273075,0.00244109104588869,0.0184042381119332,0.00245489096928471,-0.00992257387618208,0.0030496333086692
"Q","lnpois",5,0.3,1,0.5,"TOX-log-blocked-oracle",20,0.0383637316158518,0.00546697820708012,0.0180008748497095,0.00248436261878525,0.0183528404692492,0.00246934474106839,-0.0104162705407128,0.00325646064423178
"Q","lnpois",5,0.3,1,0.5,"TOX-log-boot",20,0.039141343938682,0.00539277665235651,0.0179715459462702,0.00244486815982202,0.0182932523910152,0.00245550660034247,0.0221861474484501,0.0027897174347239
"Q","lnpois",5,0.3,1,0.5,"TOX-log-oracle",20,0.0391514618098625,0.00554081299259497,0.0178881603501624,0.00251162253004524,0.0182838120245432,0.00247849208186071,0.0224994428486979,0.00280912964582418
"Q","lnpois",5,0.3,1,0.5,"TOX-raw",20,0.0232895232340246,0.00580334968034881,0.00946022348633762,0.00266015457767008,0.011795242564142,0.00265251679551445,-0.0858938467575498,0.00505716221186114
"Q","lnpois",5,0.3,1,0.5,"TOX-raw-blocked",20,0.0260085111823466,0.0056508902174154,0.0114705264271274,0.002618245261788,0.0126296926822711,0.00265348091411798,-0.098351224462752,0.00543865614359176
